Player_ID,Player_Name,Season,Team,Matches,Runs,Batting_Average,Strike_Rate,Wickets,Economy,Previous_Auction_Price,Base_Price,Auction_Price,Auction_Status
P001,A Kamboj,2024,Mumbai Indians,1.0,2.0,2.0,100.0,2,11.4,5.07,0.5,6.0,Sold (Demo)
P001,A Kamboj,2025,Chennai Super Kings,5.0,14.0,7.0,116.7,8,8.0,6.0,0.5,6.0,Sold (Demo)
P002,A Raghuvanshi,2024,Kolkata Knight Riders,7.0,163.0,23.29,155.2,0,,4.69,0.5,7.0,Sold (Demo)
P002,A Raghuvanshi,2025,Kolkata Knight Riders,11.0,300.0,33.33,139.5,0,,7.0,0.5,7.0,Sold (Demo)
P003,A T Rayudu,2020,Chennai Super Kings,11.0,359.0,39.89,127.3,0,,6.9,1.0,8.5,Sold (Demo)
P003,A T Rayudu,2021,Chennai Super Kings,13.0,257.0,28.56,151.2,0,,8.5,1.0,8.5,Sold (Demo)
P003,A T Rayudu,2022,Chennai Super Kings,11.0,274.0,24.91,122.3,0,,8.5,1.0,8.5,Sold (Demo)
P003,A T Rayudu,2023,Chennai Super Kings,12.0,158.0,15.8,139.8,0,,8.5,1.0,8.5,Sold (Demo)
P004,Aaron Finch,2020,Royal Challengers Bengaluru,12.0,268.0,22.33,111.2,0,,5.04,0.5,6.25,Sold (Demo)
P004,Aaron Finch,2022,Kolkata Knight Riders,5.0,86.0,17.2,141.0,0,,6.25,0.5,6.25,Sold (Demo)
P005,Aavesh Khan,2020,Delhi Capitals,,,,,0,10.5,9.13,1.0,12.75,Sold (Demo)
P005,Aavesh Khan,2021,Delhi Capitals,1.0,5.0,5.0,166.7,24,7.38,12.75,1.0,12.75,Sold (Demo)
P005,Aavesh Khan,2022,Lucknow Super Giants,4.0,22.0,22.0,169.2,18,8.73,12.75,1.0,12.75,Sold (Demo)
P005,Aavesh Khan,2023,Lucknow Super Giants,1.0,0.0,,0.0,8,9.76,12.75,1.0,12.75,Sold (Demo)
P005,Aavesh Khan,2024,Rajasthan Royals,2.0,10.0,10.0,200.0,19,9.59,12.75,1.0,12.75,Sold (Demo)
P005,Aavesh Khan,2025,Lucknow Super Giants,3.0,21.0,21.0,175.0,13,10.29,12.75,1.0,12.75,Sold (Demo)
P006,AB de Villiers,2020,Royal Challengers Bengaluru,14.0,454.0,45.4,158.7,0,,6.74,0.5,7.75,Sold (Demo)
P006,AB de Villiers,2021,Royal Challengers Bengaluru,14.0,313.0,31.3,148.3,0,,7.75,0.5,7.75,Sold (Demo)
P007,Abdul Samad,2020,Sunrisers Hyderabad,7.0,111.0,22.2,170.8,1,13.71,8.7,1.0,11.0,Sold (Demo)
P007,Abdul Samad,2021,Sunrisers Hyderabad,10.0,111.0,12.33,127.6,1,9.0,11.0,1.0,11.0,Sold (Demo)
P007,Abdul Samad,2022,Sunrisers Hyderabad,2.0,4.0,2.0,57.1,0,8.0,11.0,1.0,11.0,Sold (Demo)
P007,Abdul Samad,2023,Sunrisers Hyderabad,8.0,169.0,33.8,132.0,0,,11.0,1.0,11.0,Sold (Demo)
P007,Abdul Samad,2024,Sunrisers Hyderabad,12.0,182.0,18.2,168.5,0,,11.0,1.0,11.0,Sold (Demo)
P007,Abdul Samad,2025,Lucknow Super Giants,12.0,164.0,20.5,176.3,0,18.0,11.0,0.3,4.2,Sold (Verified)
P008,Abhinav Manohar,2022,Gujarat Titans,7.0,108.0,18.0,144.0,0,,4.88,0.5,6.5,Sold (Demo)
P008,Abhinav Manohar,2023,Gujarat Titans,6.0,114.0,19.0,137.3,0,,6.5,0.5,6.5,Sold (Demo)
P008,Abhinav Manohar,2024,Gujarat Titans,2.0,9.0,4.5,56.2,0,,6.5,0.5,6.5,Sold (Demo)
P008,Abhinav Manohar,2025,Sunrisers Hyderabad,5.0,61.0,12.2,100.0,0,,6.5,0.3,3.2,Sold (Verified)
P009,Abhishek Sharma,2020,Sunrisers Hyderabad,7.0,71.0,14.2,126.8,2,9.1,11.74,1.0,14.75,Sold (Demo)
P009,Abhishek Sharma,2021,Sunrisers Hyderabad,7.0,98.0,16.33,130.7,4,6.4,14.75,1.0,14.75,Sold (Demo)
P009,Abhishek Sharma,2022,Sunrisers Hyderabad,14.0,426.0,30.43,133.1,0,9.5,14.75,1.0,14.75,Sold (Demo)
P009,Abhishek Sharma,2023,Sunrisers Hyderabad,11.0,226.0,20.55,143.9,2,10.33,14.75,1.0,14.75,Sold (Demo)
P009,Abhishek Sharma,2024,Sunrisers Hyderabad,16.0,484.0,32.27,204.2,2,7.29,14.75,1.0,14.75,Sold (Demo)
P009,Abhishek Sharma,2025,Sunrisers Hyderabad,13.0,439.0,33.77,193.4,0,10.18,14.75,1.0,14.75,Sold (Demo)
P010,Abishek Porel,2023,Delhi Capitals,4.0,33.0,8.25,106.5,0,,7.68,1.0,8.75,Sold (Demo)
P010,Abishek Porel,2024,Delhi Capitals,12.0,327.0,29.73,159.5,0,,8.75,1.0,8.75,Sold (Demo)
P010,Abishek Porel,2025,Delhi Capitals,13.0,301.0,25.08,146.8,0,,8.75,1.0,8.75,Sold (Demo)
P011,Adam Milne,2021,Mumbai Indians,3.0,16.0,8.0,94.1,3,9.36,3.24,0.5,3.75,Sold (Demo)
P011,Adam Milne,2022,Chennai Super Kings,,,,,0,7.6,3.75,0.5,3.75,Sold (Demo)
P012,Adam Zampa,2020,Royal Challengers Bengaluru,,,,,2,8.36,4.35,0.5,5.25,Sold (Demo)
P012,Adam Zampa,2023,Rajasthan Royals,3.0,10.0,3.33,62.5,8,8.55,5.25,0.5,5.25,Sold (Demo)
P012,Adam Zampa,2025,Sunrisers Hyderabad,,,,,2,11.75,5.25,2.0,2.4,Sold (Verified)
P013,Adil Rashid,2021,Punjab Kings,,,,,0,11.67,3.98,0.5,5.0,Sold (Demo)
P013,Adil Rashid,2023,Sunrisers Hyderabad,2.0,22.0,11.0,137.5,2,8.0,5.0,0.5,5.0,Sold (Demo)
P014,Aiden Markram,2021,Punjab Kings,6.0,146.0,29.2,122.7,0,5.75,8.92,1.0,12.5,Sold (Demo)
P014,Aiden Markram,2022,Sunrisers Hyderabad,12.0,381.0,47.62,139.1,1,10.67,12.5,1.0,12.5,Sold (Demo)
P014,Aiden Markram,2023,Sunrisers Hyderabad,13.0,248.0,22.55,125.9,1,8.57,12.5,1.0,12.5,Sold (Demo)
P014,Aiden Markram,2024,Sunrisers Hyderabad,11.0,220.0,24.44,124.3,0,7.5,12.5,1.0,12.5,Sold (Demo)
P014,Aiden Markram,2025,Lucknow Super Giants,13.0,445.0,34.23,148.8,4,9.27,12.5,2.0,2.0,Sold (Verified)
P015,Ajinkya Rahane,2020,Delhi Capitals,8.0,113.0,14.12,105.6,0,,6.34,1.0,9.75,Sold (Demo)
P015,Ajinkya Rahane,2021,Delhi Capitals,1.0,8.0,8.0,100.0,0,,9.75,1.0,9.75,Sold (Demo)
P015,Ajinkya Rahane,2022,Kolkata Knight Riders,7.0,133.0,19.0,103.9,0,,9.75,1.0,9.75,Sold (Demo)
P015,Ajinkya Rahane,2023,Chennai Super Kings,11.0,326.0,32.6,172.5,0,,9.75,1.0,9.75,Sold (Demo)
P015,Ajinkya Rahane,2024,Chennai Super Kings,12.0,242.0,20.17,123.5,0,,9.75,1.0,9.75,Sold (Demo)
P015,Ajinkya Rahane,2025,Kolkata Knight Riders,12.0,390.0,35.45,147.7,0,,9.75,1.5,1.5,Sold (Verified)
P016,Akash Deep,2022,Royal Challengers Bengaluru,1.0,0.0,0.0,0.0,5,10.88,6.7,1.0,8.0,Sold (Demo)
P016,Akash Deep,2023,Royal Challengers Bengaluru,1.0,17.0,17.0,212.5,1,11.8,8.0,1.0,8.0,Sold (Demo)
P016,Akash Deep,2024,Royal Challengers Bengaluru,1.0,2.0,2.0,100.0,1,15.71,8.0,1.0,8.0,Sold (Demo)
P016,Akash Deep,2025,Lucknow Super Giants,2.0,6.0,6.0,300.0,3,12.05,8.0,1.0,8.0,Sold (Verified)
P017,Akash Madhwal,2023,Mumbai Indians,,,,,14,8.59,4.76,0.5,5.75,Sold (Demo)
P017,Akash Madhwal,2024,Mumbai Indians,1.0,4.0,4.0,80.0,5,11.28,5.75,0.5,5.75,Sold (Demo)
P017,Akash Madhwal,2025,Rajasthan Royals,1.0,4.0,4.0,44.4,4,11.07,5.75,0.3,1.2,Sold (Verified)
P018,Akash Singh,2021,Rajasthan Royals,,,,,0,9.75,2.49,0.5,3.5,Sold (Demo)
P018,Akash Singh,2023,Chennai Super Kings,,,,,5,9.89,3.5,0.5,3.5,Sold (Demo)
P018,Akash Singh,2025,Lucknow Super Giants,,,,,4,8.87,3.5,0.5,3.5,Sold (Demo)
P019,Akeal Hosein,2023,Sunrisers Hyderabad,1.0,16.0,16.0,160.0,1,10.0,1.73,0.3,2.5,Sold (Demo)
P020,Alzarri Joseph,2022,Gujarat Titans,3.0,5.0,5.0,71.4,7,8.8,4.55,0.5,5.5,Sold (Demo)
P020,Alzarri Joseph,2023,Gujarat Titans,1.0,7.0,7.0,58.3,7,9.38,5.5,0.5,5.5,Sold (Demo)
P020,Alzarri Joseph,2024,Royal Challengers Bengaluru,,,,,1,11.9,5.5,0.5,5.5,Sold (Demo)
P021,Aman Hakim Khan,2022,Kolkata Knight Riders,1.0,5.0,5.0,166.7,0,13.0,3.61,0.5,4.25,Sold (Demo)
P021,Aman Hakim Khan,2023,Delhi Capitals,9.0,110.0,12.22,108.9,0,,4.25,0.5,4.25,Sold (Demo)
P022,Amit Mishra,2020,Delhi Capitals,,,,,3,7.2,6.16,0.5,7.75,Sold (Demo)
P022,Amit Mishra,2021,Delhi Capitals,,,,,6,7.79,7.75,0.5,7.75,Sold (Demo)
P022,Amit Mishra,2023,Lucknow Super Giants,1.0,19.0,19.0,63.3,7,7.84,7.75,0.5,7.75,Sold (Demo)
P022,Amit Mishra,2024,Lucknow Super Giants,,,,,1,10.0,7.75,0.5,7.75,Sold (Demo)
P023,Anderson Cummins,2020,Kolkata Knight Riders,10.0,146.0,16.22,128.1,12,7.87,12.96,2.0,16.0,Sold (Demo)
P023,Anderson Cummins,2021,Kolkata Knight Riders,5.0,93.0,23.25,166.1,9,8.83,16.0,2.0,16.0,Sold (Demo)
P023,Anderson Cummins,2022,Kolkata Knight Riders,5.0,63.0,15.75,262.5,7,10.69,16.0,2.0,16.0,Sold (Demo)
P023,Anderson Cummins,2024,Sunrisers Hyderabad,10.0,136.0,17.0,143.2,18,9.28,16.0,2.0,16.0,Sold (Demo)
P023,Anderson Cummins,2025,Sunrisers Hyderabad,9.0,97.0,24.25,167.2,16,9.06,16.0,2.0,16.0,Sold (Demo)
P024,Andre Russell,2020,Kolkata Knight Riders,9.0,117.0,13.0,144.4,6,9.72,15.6,2.0,18.5,Sold (Demo)
P024,Andre Russell,2021,Kolkata Knight Riders,8.0,183.0,26.14,152.5,11,9.89,18.5,2.0,18.5,Sold (Demo)
P024,Andre Russell,2022,Kolkata Knight Riders,12.0,335.0,37.22,174.5,17,9.87,18.5,2.0,18.5,Sold (Demo)
P024,Andre Russell,2023,Kolkata Knight Riders,14.0,227.0,18.92,145.5,7,11.34,18.5,2.0,18.5,Sold (Demo)
P024,Andre Russell,2024,Kolkata Knight Riders,9.0,222.0,31.71,185.0,19,10.06,18.5,2.0,18.5,Sold (Demo)
P024,Andre Russell,2025,Kolkata Knight Riders,10.0,167.0,18.56,163.7,8,11.94,18.5,2.0,18.5,Sold (Demo)
P025,Andrew Tye,2020,Rajasthan Royals,1.0,6.0,6.0,100.0,1,12.5,2.47,0.5,3.5,Sold (Demo)
P025,Andrew Tye,2022,Lucknow Super Giants,,,,,2,9.73,3.5,0.5,3.5,Sold (Demo)
P026,Ankit Rajpoot,2020,Rajasthan Royals,2.0,9.0,9.0,90.0,2,11.71,2.19,0.5,3.0,Sold (Demo)
P027,Anmolpreet Singh,2021,Mumbai Indians,1.0,16.0,16.0,114.3,0,,4.66,0.5,6.25,Sold (Demo)
P027,Anmolpreet Singh,2022,Mumbai Indians,2.0,13.0,6.5,100.0,0,,6.25,0.5,6.25,Sold (Demo)
P027,Anmolpreet Singh,2023,Sunrisers Hyderabad,4.0,105.0,26.25,128.0,0,,6.25,0.5,6.25,Sold (Demo)
P027,Anmolpreet Singh,2024,Sunrisers Hyderabad,2.0,5.0,2.5,83.3,0,,6.25,0.5,6.25,Sold (Demo)
P028,Anrich Nortje,2020,Delhi Capitals,3.0,7.0,7.0,116.7,22,8.39,9.84,1.0,11.75,Sold (Demo)
P028,Anrich Nortje,2021,Delhi Capitals,,,,,12,6.16,11.75,1.0,11.75,Sold (Demo)
P028,Anrich Nortje,2022,Delhi Capitals,1.0,1.0,1.0,16.7,9,9.72,11.75,1.0,11.75,Sold (Demo)
P028,Anrich Nortje,2023,Delhi Capitals,7.0,37.0,12.33,127.6,10,9.1,11.75,1.0,11.75,Sold (Demo)
P028,Anrich Nortje,2024,Delhi Capitals,2.0,4.0,2.0,50.0,7,13.36,11.75,1.0,11.75,Sold (Demo)
P028,Anrich Nortje,2025,Kolkata Knight Riders,,,,,1,11.86,11.75,2.0,6.5,Sold (Verified)
P029,Anuj Rawat,2021,Rajasthan Royals,1.0,0.0,0.0,0.0,0,,6.66,0.5,7.5,Sold (Demo)
P029,Anuj Rawat,2022,Royal Challengers Bengaluru,8.0,129.0,16.12,109.3,0,,7.5,0.5,7.5,Sold (Demo)
P029,Anuj Rawat,2023,Royal Challengers Bengaluru,7.0,91.0,30.33,128.2,0,,7.5,0.5,7.5,Sold (Demo)
P029,Anuj Rawat,2024,Royal Challengers Bengaluru,5.0,98.0,24.5,127.3,0,,7.5,0.5,7.5,Sold (Demo)
P030,Anukul Roy,2022,Kolkata Knight Riders,1.0,0.0,0.0,0.0,1,7.86,5.1,0.5,6.0,Sold (Demo)
P030,Anukul Roy,2023,Kolkata Knight Riders,4.0,23.0,7.67,121.1,3,8.12,6.0,0.5,6.0,Sold (Demo)
P030,Anukul Roy,2024,Kolkata Knight Riders,1.0,3.0,3.0,100.0,0,10.59,6.0,0.5,6.0,Sold (Demo)
P030,Anukul Roy,2025,Kolkata Knight Riders,1.0,0.0,0.0,0.0,1,6.75,6.0,0.5,6.0,Sold (Demo)
P031,Arjun Tendulkar,2023,Mumbai Indians,1.0,13.0,13.0,144.4,3,9.36,2.99,0.5,4.5,Sold (Demo)
P031,Arjun Tendulkar,2024,Mumbai Indians,,,,,0,9.43,4.5,0.5,4.5,Sold (Demo)
P032,Arshad Khan,2023,Mumbai Indians,3.0,18.0,9.0,120.0,5,13.41,6.55,1.0,9.25,Sold (Demo)
P032,Arshad Khan,2024,Lucknow Super Giants,4.0,83.0,27.67,153.7,1,11.21,9.25,1.0,9.25,Sold (Demo)
P032,Arshad Khan,2025,Gujarat Titans,4.0,23.0,11.5,121.1,6,10.33,9.25,0.3,1.3,Sold (Verified)
P033,Arshdeep Singh,2020,Punjab Kings,1.0,0.0,0.0,0.0,9,8.78,7.17,1.0,10.5,Sold (Demo)
P033,Arshdeep Singh,2021,Punjab Kings,2.0,2.0,2.0,66.7,18,8.27,10.5,1.0,10.5,Sold (Demo)
P033,Arshdeep Singh,2022,Punjab Kings,6.0,21.0,7.0,72.4,10,7.7,10.5,1.0,10.5,Sold (Demo)
P033,Arshdeep Singh,2023,Punjab Kings,1.0,2.0,2.0,100.0,17,9.7,10.5,1.0,10.5,Sold (Demo)
P033,Arshdeep Singh,2024,Punjab Kings,1.0,4.0,4.0,133.3,19,10.03,10.5,1.0,10.5,Sold (Demo)
P033,Arshdeep Singh,2025,Punjab Kings,2.0,2.0,1.0,33.3,21,8.88,10.5,2.0,18.0,Sold (Verified)
P034,Ashutosh Sharma,2024,Punjab Kings,9.0,189.0,27.0,167.3,0,,4.57,0.5,7.0,Sold (Demo)
P034,Ashutosh Sharma,2025,Delhi Capitals,9.0,204.0,25.5,160.6,0,,7.0,0.3,3.8,Sold (Verified)
P035,Asif K M,2021,Chennai Super Kings,,,,,1,8.31,1.61,0.3,2.25,Sold (Demo)
P035,Asif K M,2023,Rajasthan Royals,1.0,0.0,0.0,0.0,3,9.86,2.25,0.3,2.25,Sold (Demo)
P036,Atharva Taide,2023,Punjab Kings,7.0,186.0,31.0,144.2,0,,4.19,0.5,5.75,Sold (Demo)
P036,Atharva Taide,2024,Punjab Kings,2.0,61.0,30.5,156.4,0,24.0,5.75,0.5,5.75,Sold (Demo)
P036,Atharva Taide,2025,Sunrisers Hyderabad,1.0,13.0,13.0,144.4,0,,5.75,0.5,5.75,Sold (Demo)
P037,Axar Patel,2020,Delhi Capitals,9.0,117.0,14.62,137.6,9,6.41,11.24,2.0,17.25,Sold (Demo)
P037,Axar Patel,2021,Delhi Capitals,6.0,40.0,8.0,87.0,15,6.65,17.25,2.0,17.25,Sold (Demo)
P037,Axar Patel,2022,Delhi Capitals,10.0,182.0,45.5,151.7,6,7.47,17.25,2.0,17.25,Sold (Demo)
P037,Axar Patel,2023,Delhi Capitals,13.0,283.0,28.3,139.4,11,7.19,17.25,2.0,17.25,Sold (Demo)
P037,Axar Patel,2024,Delhi Capitals,12.0,235.0,29.38,131.3,11,7.66,17.25,2.0,17.25,Sold (Demo)
P037,Axar Patel,2025,Delhi Capitals,11.0,263.0,26.3,157.5,5,8.69,17.25,2.0,17.25,Sold (Demo)
P038,Ayush Badoni,2022,Lucknow Super Giants,11.0,161.0,17.89,123.8,2,5.5,8.55,1.0,11.5,Sold (Demo)
P038,Ayush Badoni,2023,Lucknow Super Giants,12.0,238.0,23.8,138.4,0,0.0,11.5,1.0,11.5,Sold (Demo)
P038,Ayush Badoni,2024,Lucknow Super Giants,12.0,235.0,29.38,137.4,0,12.5,11.5,1.0,11.5,Sold (Demo)
P038,Ayush Badoni,2025,Lucknow Super Giants,11.0,329.0,32.9,148.2,2,7.8,11.5,1.0,11.5,Sold (Demo)
P039,Azmatullah Omarzai,2024,Gujarat Titans,4.0,42.0,10.5,127.3,4,8.86,6.42,1.0,8.75,Sold (Demo)
P039,Azmatullah Omarzai,2025,Punjab Kings,5.0,57.0,14.25,139.0,8,10.33,8.75,1.5,2.4,Sold (Verified)
P040,B Sai Sudharsan,2022,Gujarat Titans,5.0,145.0,36.25,127.2,0,,7.01,1.0,9.75,Sold (Demo)
P040,B Sai Sudharsan,2023,Gujarat Titans,8.0,362.0,60.33,141.4,0,,9.75,1.0,9.75,Sold (Demo)
P040,B Sai Sudharsan,2024,Gujarat Titans,12.0,527.0,47.91,141.3,0,,9.75,1.0,9.75,Sold (Demo)
P040,B Sai Sudharsan,2025,Gujarat Titans,15.0,759.0,54.21,156.2,0,,9.75,1.0,9.75,Sold (Demo)
P041,Basil Thampi,2020,Sunrisers Hyderabad,,,,,1,11.5,1.11,0.3,1.5,Sold (Demo)
P041,Basil Thampi,2022,Mumbai Indians,,,,,5,9.5,1.5,0.3,1.5,Sold (Demo)
P042,Ben Stokes,2020,Rajasthan Royals,8.0,285.0,40.71,142.5,2,10.27,4.79,0.5,7.0,Sold (Demo)
P042,Ben Stokes,2021,Rajasthan Royals,1.0,0.0,0.0,0.0,0,12.0,7.0,0.5,7.0,Sold (Demo)
P042,Ben Stokes,2023,Chennai Super Kings,2.0,15.0,7.5,107.1,0,18.0,7.0,0.5,7.0,Sold (Demo)
P043,Bhuvneshwar Kumar,2020,Sunrisers Hyderabad,1.0,0.0,0.0,0.0,3,6.99,9.48,1.0,12.75,Sold (Demo)
P043,Bhuvneshwar Kumar,2021,Sunrisers Hyderabad,7.0,34.0,11.33,113.3,6,7.98,12.75,1.0,12.75,Sold (Demo)
P043,Bhuvneshwar Kumar,2022,Sunrisers Hyderabad,6.0,24.0,8.0,92.3,12,7.34,12.75,1.0,12.75,Sold (Demo)
P043,Bhuvneshwar Kumar,2023,Sunrisers Hyderabad,5.0,42.0,14.0,89.4,16,8.33,12.75,1.0,12.75,Sold (Demo)
P043,Bhuvneshwar Kumar,2024,Sunrisers Hyderabad,5.0,23.0,7.67,79.3,11,9.35,12.75,1.0,12.75,Sold (Demo)
P043,Bhuvneshwar Kumar,2025,Royal Challengers Bengaluru,6.0,14.0,4.67,56.0,17,9.29,12.75,2.0,10.75,Sold (Verified)
P044,Cameron Green,2023,Mumbai Indians,16.0,452.0,45.2,160.3,6,9.5,8.72,1.0,11.25,Sold (Demo)
P044,Cameron Green,2024,Royal Challengers Bengaluru,12.0,255.0,28.33,143.3,10,8.62,11.25,1.0,11.25,Sold (Demo)
P045,Chetan Sakariya,2021,Rajasthan Royals,5.0,16.0,3.2,64.0,14,8.19,5.73,0.5,7.25,Sold (Demo)
P045,Chetan Sakariya,2022,Delhi Capitals,,,,,3,7.64,7.25,0.5,7.25,Sold (Demo)
P045,Chetan Sakariya,2023,Delhi Capitals,2.0,4.0,4.0,66.7,3,11.12,7.25,0.5,7.25,Sold (Demo)
P045,Chetan Sakariya,2025,Kolkata Knight Riders,,,,,0,13.0,7.25,0.5,7.25,Sold (Demo)
P046,Chris Gayle,2020,Punjab Kings,7.0,288.0,41.14,137.1,0,6.0,4.91,0.5,6.75,Sold (Demo)
P046,Chris Gayle,2021,Punjab Kings,10.0,193.0,21.44,125.3,0,,6.75,0.5,6.75,Sold (Demo)
P047,Chris Jordan,2020,Punjab Kings,4.0,29.0,9.67,93.5,9,9.65,7.24,1.0,8.5,Sold (Demo)
P047,Chris Jordan,2021,Punjab Kings,2.0,32.0,16.0,152.4,4,8.0,8.5,1.0,8.5,Sold (Demo)
P047,Chris Jordan,2022,Chennai Super Kings,2.0,11.0,11.0,137.5,2,10.52,8.5,1.0,8.5,Sold (Demo)
P047,Chris Jordan,2023,Mumbai Indians,2.0,6.0,3.0,50.0,3,10.77,8.5,1.0,8.5,Sold (Demo)
P048,Chris Morris,2020,Royal Challengers Bengaluru,5.0,34.0,8.5,161.9,11,6.63,6.62,1.0,10.0,Sold (Demo)
P048,Chris Morris,2021,Rajasthan Royals,7.0,67.0,13.4,136.7,15,9.17,10.0,1.0,10.0,Sold (Demo)
P049,Chris Woakes,2021,Delhi Capitals,1.0,15.0,15.0,136.4,5,7.45,4.29,0.5,5.0,Sold (Demo)
P050,Corbin Bosch,2025,Mumbai Indians,2.0,47.0,23.5,146.9,1,7.86,2.7,0.5,4.0,Sold (Demo)
P051,Craig Overton,2025,Chennai Super Kings,2.0,15.0,15.0,214.3,0,13.83,3.02,0.5,4.0,Sold (Demo)
P052,D G Nalkande,2022,Gujarat Titans,,,,,2,11.42,3.96,0.5,4.75,Sold (Demo)
P052,D G Nalkande,2023,Gujarat Titans,1.0,0.0,0.0,0.0,1,11.0,4.75,0.5,4.75,Sold (Demo)
P052,D G Nalkande,2024,Gujarat Titans,1.0,12.0,12.0,109.1,3,9.31,4.75,0.5,4.75,Sold (Demo)
P053,D L Chahar,2020,Chennai Super Kings,3.0,7.0,7.0,58.3,12,7.62,6.84,1.0,10.0,Sold (Demo)
P053,D L Chahar,2021,Chennai Super Kings,1.0,1.0,1.0,100.0,14,8.35,10.0,1.0,10.0,Sold (Demo)
P053,D L Chahar,2023,Chennai Super Kings,1.0,1.0,1.0,50.0,13,8.74,10.0,1.0,10.0,Sold (Demo)
P053,D L Chahar,2024,Chennai Super Kings,,,,,5,8.6,10.0,1.0,10.0,Sold (Demo)
P053,D L Chahar,2025,Mumbai Indians,4.0,37.0,18.5,148.0,11,9.17,10.0,1.0,10.0,Sold (Demo)
P054,Dale Steyn,2020,Royal Challengers Bengaluru,1.0,1.0,1.0,50.0,1,11.4,0.66,0.3,1.0,Sold (Demo)
P055,Daniel Christian,2021,Royal Challengers Bengaluru,7.0,14.0,2.33,58.3,4,9.3,3.02,0.5,4.25,Sold (Demo)
P056,Daniel Sams,2020,Delhi Capitals,1.0,0.0,0.0,0.0,0,9.5,5.7,0.5,7.0,Sold (Demo)
P056,Daniel Sams,2021,Royal Challengers Bengaluru,2.0,6.0,6.0,100.0,1,6.5,7.0,0.5,7.0,Sold (Demo)
P056,Daniel Sams,2022,Mumbai Indians,10.0,38.0,5.43,105.6,13,8.81,7.0,0.5,7.0,Sold (Demo)
P057,Daryl Mitchell,2022,Rajasthan Royals,2.0,33.0,16.5,75.0,0,13.5,6.25,0.5,7.25,Sold (Demo)
P057,Daryl Mitchell,2024,Chennai Super Kings,13.0,318.0,24.46,142.6,1,11.67,7.25,0.5,7.25,Sold (Demo)
P058,David Miller,2021,Rajasthan Royals,8.0,124.0,24.8,109.7,0,,7.15,1.0,10.25,Sold (Demo)
P058,David Miller,2022,Gujarat Titans,16.0,481.0,53.44,142.7,0,,10.25,1.0,10.25,Sold (Demo)
P058,David Miller,2023,Gujarat Titans,13.0,259.0,32.38,145.5,0,,10.25,1.0,10.25,Sold (Demo)
P058,David Miller,2024,Gujarat Titans,9.0,210.0,30.0,151.1,0,,10.25,1.0,10.25,Sold (Demo)
P058,David Miller,2025,Lucknow Super Giants,10.0,153.0,25.5,127.5,0,,10.25,1.5,7.5,Sold (Verified)
P059,David Warner,2020,Sunrisers Hyderabad,16.0,548.0,39.14,134.6,0,12.0,8.22,1.0,9.75,Sold (Demo)
P059,David Warner,2021,Sunrisers Hyderabad,8.0,195.0,24.38,107.7,0,,9.75,1.0,9.75,Sold (Demo)
P059,David Warner,2022,Delhi Capitals,12.0,432.0,48.0,150.5,0,,9.75,1.0,9.75,Sold (Demo)
P059,David Warner,2023,Delhi Capitals,14.0,516.0,36.86,131.6,0,,9.75,1.0,9.75,Sold (Demo)
P059,David Warner,2024,Delhi Capitals,8.0,168.0,21.0,134.4,0,,9.75,1.0,9.75,Sold (Demo)
P060,David Wiese,2023,Kolkata Knight Riders,3.0,21.0,21.0,190.9,0,12.67,2.92,0.5,3.75,Sold (Demo)
P061,Deepak Jagbir Hooda,2020,Punjab Kings,5.0,101.0,50.5,142.3,0,9.0,7.88,1.0,12.0,Sold (Demo)
P061,Deepak Jagbir Hooda,2021,Punjab Kings,11.0,160.0,16.0,130.1,2,8.5,12.0,1.0,12.0,Sold (Demo)
P061,Deepak Jagbir Hooda,2022,Lucknow Super Giants,14.0,451.0,32.21,136.7,1,10.75,12.0,1.0,12.0,Sold (Demo)
P061,Deepak Jagbir Hooda,2023,Lucknow Super Giants,12.0,84.0,7.64,93.3,0,8.0,12.0,1.0,12.0,Sold (Demo)
P061,Deepak Jagbir Hooda,2024,Lucknow Super Giants,9.0,145.0,18.12,138.1,0,7.33,12.0,1.0,12.0,Sold (Demo)
P061,Deepak Jagbir Hooda,2025,Chennai Super Kings,5.0,31.0,6.2,75.6,0,15.0,12.0,1.0,12.0,Sold (Demo)
P062,Devdutt Padikkal,2020,Royal Challengers Bengaluru,15.0,473.0,31.53,124.8,0,,7.46,1.0,10.75,Sold (Demo)
P062,Devdutt Padikkal,2021,Royal Challengers Bengaluru,14.0,411.0,31.62,125.3,0,,10.75,1.0,10.75,Sold (Demo)
P062,Devdutt Padikkal,2022,Rajasthan Royals,17.0,376.0,22.12,122.9,0,,10.75,1.0,10.75,Sold (Demo)
P062,Devdutt Padikkal,2023,Rajasthan Royals,11.0,261.0,23.73,130.5,0,,10.75,1.0,10.75,Sold (Demo)
P062,Devdutt Padikkal,2024,Lucknow Super Giants,7.0,38.0,5.43,71.7,0,,10.75,1.0,10.75,Sold (Demo)
P062,Devdutt Padikkal,2025,Royal Challengers Bengaluru,10.0,247.0,27.44,150.6,0,,10.75,2.0,2.0,Sold (Verified)
P063,Devon Conway,2022,Chennai Super Kings,7.0,252.0,42.0,145.7,0,,7.6,1.0,8.5,Sold (Demo)
P063,Devon Conway,2023,Chennai Super Kings,15.0,672.0,48.0,139.7,0,,8.5,1.0,8.5,Sold (Demo)
P063,Devon Conway,2025,Chennai Super Kings,6.0,156.0,31.2,131.1,0,,8.5,2.0,6.25,Sold (Verified)
P064,Dewald Brevis,2022,Mumbai Indians,7.0,161.0,23.0,142.5,1,16.0,5.73,1.0,8.25,Sold (Demo)
P064,Dewald Brevis,2024,Mumbai Indians,3.0,69.0,23.0,116.9,0,,8.25,1.0,8.25,Sold (Demo)
P064,Dewald Brevis,2025,Chennai Super Kings,6.0,225.0,37.5,180.0,0,,8.25,1.0,8.25,Sold (Demo)
P065,Dhawal Kulkarni,2020,Mumbai Indians,1.0,3.0,3.0,150.0,0,7.33,1.37,0.3,1.75,Sold (Demo)
P065,Dhawal Kulkarni,2021,Mumbai Indians,,,,,0,12.0,1.75,0.3,1.75,Sold (Demo)
P066,Dhruv Chand Jurel,2023,Rajasthan Royals,11.0,152.0,16.89,172.7,0,,5.79,0.5,7.75,Sold (Demo)
P066,Dhruv Chand Jurel,2024,Rajasthan Royals,11.0,195.0,24.38,138.3,0,,7.75,0.5,7.75,Sold (Demo)
P066,Dhruv Chand Jurel,2025,Rajasthan Royals,13.0,333.0,37.0,156.3,0,,7.75,0.5,7.75,Sold (Demo)
P067,Dinesh Karthik,2020,Kolkata Knight Riders,14.0,169.0,14.08,126.1,0,,8.4,1.0,11.0,Sold (Demo)
P067,Dinesh Karthik,2021,Kolkata Knight Riders,15.0,223.0,22.3,131.2,0,,11.0,1.0,11.0,Sold (Demo)
P067,Dinesh Karthik,2022,Royal Challengers Bengaluru,16.0,330.0,47.14,183.3,0,,11.0,1.0,11.0,Sold (Demo)
P067,Dinesh Karthik,2023,Royal Challengers Bengaluru,13.0,140.0,11.67,134.6,0,,11.0,1.0,11.0,Sold (Demo)
P067,Dinesh Karthik,2024,Royal Challengers Bengaluru,13.0,326.0,32.6,187.4,0,,11.0,1.0,11.0,Sold (Demo)
P068,DJ Willey,2022,Royal Challengers Bengaluru,2.0,18.0,9.0,60.0,1,6.55,4.46,0.5,5.5,Sold (Demo)
P068,DJ Willey,2023,Royal Challengers Bengaluru,3.0,35.0,35.0,109.4,3,7.0,5.5,0.5,5.5,Sold (Demo)
P069,Donovan Ferreira,2024,Rajasthan Royals,2.0,8.0,4.0,72.7,0,,1.91,0.3,2.5,Sold (Demo)
P069,Donovan Ferreira,2025,Delhi Capitals,1.0,1.0,1.0,33.3,0,,2.5,0.75,0.75,Sold (Verified)
P070,DS Rathi,2025,Lucknow Super Giants,1.0,1.0,1.0,33.3,14,8.25,2.36,0.5,3.25,Sold (Demo)
P071,Dushmantha Chameera,2022,Lucknow Super Giants,7.0,43.0,10.75,153.6,9,8.73,6.43,1.0,8.0,Sold (Demo)
P071,Dushmantha Chameera,2024,Kolkata Knight Riders,,,,,0,16.0,8.0,1.0,8.0,Sold (Demo)
P071,Dushmantha Chameera,2025,Delhi Capitals,3.0,10.0,10.0,71.4,4,11.65,8.0,0.75,0.75,Sold (Verified)
P072,Dwaine Pretorius,2022,Chennai Super Kings,5.0,44.0,11.0,157.1,6,10.0,4.73,0.5,6.5,Sold (Demo)
P072,Dwaine Pretorius,2023,Chennai Super Kings,,,,,0,7.0,6.5,0.5,6.5,Sold (Demo)
P073,Dwayne Bravo,2020,Chennai Super Kings,2.0,7.0,3.5,116.7,6,8.57,9.56,1.0,10.75,Sold (Demo)
P073,Dwayne Bravo,2021,Chennai Super Kings,3.0,47.0,23.5,261.1,14,7.81,10.75,1.0,10.75,Sold (Demo)
P073,Dwayne Bravo,2022,Chennai Super Kings,6.0,23.0,11.5,95.8,16,8.71,10.75,1.0,10.75,Sold (Demo)
P074,E Lewis,2021,Rajasthan Royals,5.0,151.0,30.2,162.4,0,,5.38,0.5,6.25,Sold (Demo)
P074,E Lewis,2022,Lucknow Super Giants,5.0,73.0,24.33,130.4,0,,6.25,0.5,6.25,Sold (Demo)
P075,Eoin Morgan,2020,Kolkata Knight Riders,14.0,418.0,41.8,138.4,0,,5.55,0.5,7.5,Sold (Demo)
P075,Eoin Morgan,2021,Kolkata Knight Riders,15.0,133.0,11.08,95.7,0,,7.5,0.5,7.5,Sold (Demo)
P076,Fabian Allen,2021,Punjab Kings,2.0,6.0,6.0,50.0,1,8.18,3.14,0.5,3.75,Sold (Demo)
P076,Fabian Allen,2022,Mumbai Indians,1.0,8.0,8.0,114.3,1,11.5,3.75,0.5,3.75,Sold (Demo)
P077,Faf du Plessis,2020,Chennai Super Kings,13.0,449.0,40.82,140.8,0,,7.76,1.0,11.75,Sold (Demo)
P077,Faf du Plessis,2021,Chennai Super Kings,16.0,633.0,45.21,138.2,0,,11.75,1.0,11.75,Sold (Demo)
P077,Faf du Plessis,2022,Royal Challengers Bengaluru,16.0,468.0,31.2,127.5,0,,11.75,1.0,11.75,Sold (Demo)
P077,Faf du Plessis,2023,Royal Challengers Bengaluru,14.0,730.0,56.15,153.7,0,,11.75,1.0,11.75,Sold (Demo)
P077,Faf du Plessis,2024,Royal Challengers Bengaluru,15.0,438.0,29.2,161.6,0,,11.75,1.0,11.75,Sold (Demo)
P077,Faf du Plessis,2025,Delhi Capitals,9.0,202.0,22.44,123.9,0,,11.75,2.0,2.0,Sold (Verified)
P078,Fazalhaq Farooqi,2022,Sunrisers Hyderabad,1.0,2.0,2.0,25.0,2,9.17,3.21,0.5,4.5,Sold (Demo)
P078,Fazalhaq Farooqi,2023,Sunrisers Hyderabad,1.0,1.0,1.0,20.0,4,8.78,4.5,0.5,4.5,Sold (Demo)
P078,Fazalhaq Farooqi,2025,Rajasthan Royals,1.0,2.0,2.0,100.0,0,12.35,4.5,2.0,2.0,Sold (Verified)
P079,Gerald Coetzee,2024,Mumbai Indians,5.0,14.0,3.5,63.6,13,10.18,5.07,0.5,6.25,Sold (Demo)
P079,Gerald Coetzee,2025,Gujarat Titans,2.0,17.0,8.5,154.5,2,10.92,6.25,1.25,2.4,Sold (Verified)
P080,GHS Garton,2021,Royal Challengers Bengaluru,2.0,2.0,2.0,50.0,3,9.0,2.75,0.5,3.5,Sold (Demo)
P081,Glenn Maxwell,2020,Punjab Kings,11.0,108.0,15.43,101.9,3,8.05,12.9,2.0,16.0,Sold (Demo)
P081,Glenn Maxwell,2021,Royal Challengers Bengaluru,14.0,513.0,42.75,144.1,3,8.44,16.0,2.0,16.0,Sold (Demo)
P081,Glenn Maxwell,2022,Royal Challengers Bengaluru,13.0,301.0,27.36,169.1,6,6.88,16.0,2.0,16.0,Sold (Demo)
P081,Glenn Maxwell,2023,Royal Challengers Bengaluru,14.0,400.0,33.33,183.5,3,9.1,16.0,2.0,16.0,Sold (Demo)
P081,Glenn Maxwell,2024,Royal Challengers Bengaluru,9.0,52.0,5.78,120.9,6,8.06,16.0,2.0,16.0,Sold (Demo)
P081,Glenn Maxwell,2025,Punjab Kings,6.0,48.0,8.0,98.0,4,8.46,16.0,2.0,4.2,Sold (Verified)
P082,Glenn Phillips,2021,Rajasthan Royals,3.0,26.0,13.0,78.8,1,10.0,5.16,0.5,6.5,Sold (Demo)
P082,Glenn Phillips,2023,Sunrisers Hyderabad,5.0,39.0,7.8,177.3,1,6.67,6.5,0.5,6.5,Sold (Demo)
P083,Gowtham K,2020,Punjab Kings,2.0,42.0,42.0,155.6,1,10.5,6.33,1.0,9.0,Sold (Demo)
P083,Gowtham K,2022,Lucknow Super Giants,1.0,0.0,0.0,0.0,5,8.25,9.0,1.0,9.0,Sold (Demo)
P083,Gowtham K,2023,Lucknow Super Giants,7.0,61.0,15.25,164.9,3,7.38,9.0,1.0,9.0,Sold (Demo)
P083,Gowtham K,2024,Lucknow Super Giants,,,,,0,14.5,9.0,1.0,9.0,Sold (Demo)
P084,Gulbadeen Naib,2024,Delhi Capitals,1.0,19.0,19.0,126.7,0,12.0,1.49,0.3,2.0,Sold (Demo)
P085,H V Patel,2020,Delhi Capitals,2.0,21.0,10.5,87.5,3,8.93,11.13,1.0,14.0,Sold (Demo)
P085,H V Patel,2021,Royal Challengers Bengaluru,7.0,59.0,9.83,128.3,32,8.15,14.0,1.0,14.0,Sold (Demo)
P085,H V Patel,2022,Royal Challengers Bengaluru,7.0,43.0,10.75,110.3,19,7.66,14.0,1.0,14.0,Sold (Demo)
P085,H V Patel,2023,Royal Challengers Bengaluru,2.0,6.0,3.0,100.0,14,9.66,14.0,1.0,14.0,Sold (Demo)
P085,H V Patel,2024,Punjab Kings,4.0,13.0,3.25,68.4,24,9.73,14.0,1.0,14.0,Sold (Demo)
P085,H V Patel,2025,Sunrisers Hyderabad,4.0,21.0,10.5,80.8,16,9.81,14.0,1.0,14.0,Sold (Demo)
P086,Hardik Pandya,2020,Mumbai Indians,13.0,281.0,35.12,179.0,0,,11.32,2.0,15.75,Sold (Demo)
P086,Hardik Pandya,2021,Mumbai Indians,11.0,127.0,14.11,113.4,0,,15.75,2.0,15.75,Sold (Demo)
P086,Hardik Pandya,2022,Gujarat Titans,15.0,487.0,37.46,131.3,8,7.28,15.75,2.0,15.75,Sold (Demo)
P086,Hardik Pandya,2023,Gujarat Titans,15.0,346.0,31.45,136.8,3,9.12,15.75,2.0,15.75,Sold (Demo)
P086,Hardik Pandya,2024,Mumbai Indians,13.0,216.0,18.0,143.0,11,10.75,15.75,2.0,15.75,Sold (Demo)
P086,Hardik Pandya,2025,Mumbai Indians,12.0,224.0,24.89,163.5,14,9.77,15.75,2.0,15.75,Sold (Demo)
P087,Harpreet Brar,2020,Punjab Kings,,,,,0,10.25,11.27,1.0,13.5,Sold (Demo)
P087,Harpreet Brar,2021,Punjab Kings,5.0,64.0,64.0,110.3,5,6.04,13.5,1.0,13.5,Sold (Demo)
P087,Harpreet Brar,2022,Punjab Kings,3.0,22.0,7.33,88.0,4,9.12,13.5,1.0,13.5,Sold (Demo)
P087,Harpreet Brar,2023,Punjab Kings,8.0,52.0,7.43,126.8,9,8.02,13.5,1.0,13.5,Sold (Demo)
P087,Harpreet Brar,2024,Punjab Kings,7.0,75.0,37.5,138.9,7,7.97,13.5,1.0,13.5,Sold (Demo)
P087,Harpreet Brar,2025,Punjab Kings,2.0,11.0,11.0,84.6,10,8.64,13.5,0.3,1.5,Sold (Verified)
P088,Harpreet Singh Bhatia,2023,Punjab Kings,3.0,76.0,25.33,128.8,0,,3.62,0.5,4.25,Sold (Demo)
P088,Harpreet Singh Bhatia,2024,Punjab Kings,2.0,27.0,13.5,79.4,0,,4.25,0.5,4.25,Sold (Demo)
P089,Harshit Rana,2022,Kolkata Knight Riders,2.0,2.0,2.0,100.0,1,10.2,8.58,1.0,10.75,Sold (Demo)
P089,Harshit Rana,2023,Kolkata Knight Riders,1.0,0.0,0.0,0.0,5,8.65,10.75,1.0,10.75,Sold (Demo)
P089,Harshit Rana,2024,Kolkata Knight Riders,,,,,19,9.08,10.75,1.0,10.75,Sold (Demo)
P089,Harshit Rana,2025,Kolkata Knight Riders,7.0,57.0,11.4,107.5,15,10.18,10.75,1.0,10.75,Sold (Demo)
P090,Heinrich Klaasen,2023,Sunrisers Hyderabad,11.0,448.0,49.78,177.1,0,,7.03,1.0,9.5,Sold (Demo)
P090,Heinrich Klaasen,2024,Sunrisers Hyderabad,15.0,479.0,39.92,171.1,0,,9.5,1.0,9.5,Sold (Demo)
P090,Heinrich Klaasen,2025,Sunrisers Hyderabad,13.0,487.0,44.27,172.7,0,,9.5,1.0,9.5,Sold (Demo)
P091,HR Shokeen,2022,Mumbai Indians,2.0,43.0,21.5,89.6,2,8.47,4.81,0.5,6.75,Sold (Demo)
P091,HR Shokeen,2023,Mumbai Indians,3.0,23.0,23.0,135.3,3,9.84,6.75,0.5,6.75,Sold (Demo)
P092,I Udana,2020,Royal Challengers Bengaluru,4.0,15.0,5.0,136.4,8,9.72,3.67,0.5,4.25,Sold (Demo)
P093,Imran Tahir,2020,Chennai Super Kings,1.0,13.0,13.0,130.0,1,6.91,3.73,0.5,4.5,Sold (Demo)
P093,Imran Tahir,2021,Chennai Super Kings,,,,,2,4.0,4.5,0.5,4.5,Sold (Demo)
P094,Ishan Kishan,2020,Mumbai Indians,13.0,516.0,57.33,145.8,0,,7.11,1.0,10.75,Sold (Demo)
P094,Ishan Kishan,2021,Mumbai Indians,10.0,241.0,26.78,133.9,0,,10.75,1.0,10.75,Sold (Demo)
P094,Ishan Kishan,2022,Mumbai Indians,14.0,418.0,32.15,120.1,0,,10.75,1.0,10.75,Sold (Demo)
P094,Ishan Kishan,2023,Mumbai Indians,15.0,454.0,30.27,142.8,0,,10.75,1.0,10.75,Sold (Demo)
P094,Ishan Kishan,2024,Mumbai Indians,14.0,320.0,22.86,148.8,0,,10.75,1.0,10.75,Sold (Demo)
P094,Ishan Kishan,2025,Sunrisers Hyderabad,13.0,354.0,35.4,152.6,0,24.0,10.75,2.0,11.25,Sold (Verified)
P095,Ishant Sharma,2020,Delhi Capitals,,,,,0,8.67,5.05,0.5,6.0,Sold (Demo)
P095,Ishant Sharma,2021,Delhi Capitals,,,,,1,8.08,6.0,0.5,6.0,Sold (Demo)
P095,Ishant Sharma,2023,Delhi Capitals,1.0,1.0,1.0,100.0,10,8.24,6.0,0.5,6.0,Sold (Demo)
P095,Ishant Sharma,2024,Delhi Capitals,2.0,1.0,1.0,14.3,10,9.81,6.0,0.5,6.0,Sold (Demo)
P095,Ishant Sharma,2025,Gujarat Titans,,,,,4,11.18,6.0,0.75,0.75,Sold (Verified)
P096,J M Sharma,2022,Punjab Kings,10.0,234.0,29.25,163.6,0,,6.67,1.0,8.25,Sold (Demo)
P096,J M Sharma,2023,Punjab Kings,14.0,309.0,23.77,156.1,0,,8.25,1.0,8.25,Sold (Demo)
P096,J M Sharma,2024,Punjab Kings,12.0,187.0,17.0,131.7,0,,8.25,1.0,8.25,Sold (Demo)
P096,J M Sharma,2025,Royal Challengers Bengaluru,11.0,261.0,32.62,176.4,0,,8.25,1.0,8.25,Sold (Demo)
P097,Jake Fraser-McGurk,2024,Delhi Capitals,9.0,330.0,36.67,234.0,0,,5.12,0.5,7.5,Sold (Demo)
P097,Jake Fraser-McGurk,2025,Delhi Capitals,6.0,55.0,9.17,105.8,0,,7.5,2.0,9.0,Sold (Verified)
P098,James Neesham,2020,Punjab Kings,3.0,19.0,9.5,105.6,2,9.87,5.6,0.5,6.75,Sold (Demo)
P098,James Neesham,2021,Mumbai Indians,2.0,0.0,0.0,0.0,5,7.33,6.75,0.5,6.75,Sold (Demo)
P098,James Neesham,2022,Rajasthan Royals,2.0,31.0,15.5,114.8,0,9.67,6.75,0.5,6.75,Sold (Demo)
P099,James Pattinson,2020,Mumbai Indians,2.0,15.0,15.0,115.4,11,9.01,4.69,0.5,6.0,Sold (Demo)
P100,Jason Behrendorff,2023,Mumbai Indians,2.0,6.0,6.0,66.7,14,9.21,3.95,0.5,4.5,Sold (Demo)
P101,Jason Holder,2020,Sunrisers Hyderabad,4.0,66.0,33.0,124.5,14,8.32,9.25,1.0,12.5,Sold (Demo)
P101,Jason Holder,2021,Sunrisers Hyderabad,7.0,85.0,12.14,118.1,16,7.76,12.5,1.0,12.5,Sold (Demo)
P101,Jason Holder,2022,Lucknow Super Giants,8.0,58.0,8.29,131.8,14,9.42,12.5,1.0,12.5,Sold (Demo)
P101,Jason Holder,2023,Rajasthan Royals,3.0,12.0,6.0,109.1,4,9.96,12.5,1.0,12.5,Sold (Demo)
P102,Jason Roy,2021,Sunrisers Hyderabad,5.0,150.0,30.0,124.0,0,,5.16,0.5,7.25,Sold (Demo)
P102,Jason Roy,2023,Kolkata Knight Riders,8.0,285.0,35.62,151.6,0,,7.25,0.5,7.25,Sold (Demo)
P103,Jasprit Bumrah,2020,Mumbai Indians,1.0,5.0,5.0,166.7,27,6.73,6.77,1.0,10.25,Sold (Demo)
P103,Jasprit Bumrah,2021,Mumbai Indians,7.0,16.0,5.33,94.1,21,7.45,10.25,1.0,10.25,Sold (Demo)
P103,Jasprit Bumrah,2022,Mumbai Indians,4.0,0.0,0.0,0.0,15,7.18,10.25,1.0,10.25,Sold (Demo)
P103,Jasprit Bumrah,2024,Mumbai Indians,4.0,12.0,12.0,100.0,20,6.48,10.25,1.0,10.25,Sold (Demo)
P103,Jasprit Bumrah,2025,Mumbai Indians,1.0,0.0,,0.0,18,6.68,10.25,1.0,10.25,Sold (Demo)
P104,Jayant Yadav,2020,Mumbai Indians,,,,,1,6.14,3.51,0.5,5.0,Sold (Demo)
P104,Jayant Yadav,2021,Mumbai Indians,2.0,34.0,17.0,130.8,2,7.65,5.0,0.5,5.0,Sold (Demo)
P104,Jayant Yadav,2023,Gujarat Titans,,,,,0,6.5,5.0,0.5,5.0,Sold (Demo)
P105,Jaydev Unadkat,2020,Rajasthan Royals,1.0,9.0,9.0,69.2,4,9.91,9.01,1.0,12.75,Sold (Demo)
P105,Jaydev Unadkat,2021,Rajasthan Royals,3.0,41.0,20.5,141.4,4,7.64,12.75,1.0,12.75,Sold (Demo)
P105,Jaydev Unadkat,2022,Mumbai Indians,5.0,59.0,19.67,159.5,6,9.5,12.75,1.0,12.75,Sold (Demo)
P105,Jaydev Unadkat,2023,Lucknow Super Giants,1.0,9.0,9.0,128.6,0,11.5,12.75,1.0,12.75,Sold (Demo)
P105,Jaydev Unadkat,2024,Sunrisers Hyderabad,5.0,24.0,8.0,92.3,8,10.24,12.75,1.0,12.75,Sold (Demo)
P105,Jaydev Unadkat,2025,Sunrisers Hyderabad,,,,,11,7.34,12.75,1.0,1.0,Sold (Verified)
P106,JB Little,2023,Gujarat Titans,,,,,7,8.65,1.46,0.3,2.0,Sold (Demo)
P106,JB Little,2024,Gujarat Titans,,,,,4,11.25,2.0,0.3,2.0,Sold (Demo)
P107,Jhye Richardson,2021,Punjab Kings,2.0,15.0,7.5,62.5,3,10.64,2.95,0.5,4.0,Sold (Demo)
P107,Jhye Richardson,2024,Delhi Capitals,1.0,2.0,2.0,100.0,0,10.0,4.0,0.5,4.0,Sold (Demo)
P108,Joe Root,2023,Rajasthan Royals,1.0,10.0,10.0,66.7,0,7.0,2.23,0.3,2.75,Sold (Demo)
P109,Jofra Archer,2020,Rajasthan Royals,10.0,113.0,18.83,179.4,20,6.56,9.58,1.0,11.5,Sold (Demo)
P109,Jofra Archer,2023,Mumbai Indians,2.0,4.0,4.0,100.0,2,9.5,11.5,1.0,11.5,Sold (Demo)
P109,Jofra Archer,2025,Rajasthan Royals,7.0,63.0,10.5,126.0,11,9.47,11.5,2.0,12.5,Sold (Verified)
P110,Jonny Bairstow,2020,Sunrisers Hyderabad,11.0,345.0,31.36,126.8,0,,8.5,1.0,10.0,Sold (Demo)
P110,Jonny Bairstow,2021,Sunrisers Hyderabad,7.0,248.0,41.33,141.7,0,,10.0,1.0,10.0,Sold (Demo)
P110,Jonny Bairstow,2022,Punjab Kings,11.0,253.0,23.0,144.6,0,,10.0,1.0,10.0,Sold (Demo)
P110,Jonny Bairstow,2024,Punjab Kings,11.0,298.0,27.09,152.8,0,,10.0,1.0,10.0,Sold (Demo)
P110,Jonny Bairstow,2025,Mumbai Indians,2.0,85.0,42.5,184.8,0,,10.0,1.0,10.0,Sold (Demo)
P111,Jos Buttler,2020,Rajasthan Royals,12.0,328.0,32.8,144.5,0,,8.89,1.0,11.25,Sold (Demo)
P111,Jos Buttler,2021,Rajasthan Royals,7.0,254.0,36.29,153.0,0,,11.25,1.0,11.25,Sold (Demo)
P111,Jos Buttler,2022,Rajasthan Royals,17.0,863.0,57.53,149.1,0,,11.25,1.0,11.25,Sold (Demo)
P111,Jos Buttler,2023,Rajasthan Royals,14.0,392.0,28.0,139.0,0,,11.25,1.0,11.25,Sold (Demo)
P111,Jos Buttler,2024,Rajasthan Royals,11.0,359.0,35.9,140.8,0,,11.25,1.0,11.25,Sold (Demo)
P111,Jos Buttler,2025,Gujarat Titans,13.0,538.0,59.78,163.0,0,,11.25,2.0,15.75,Sold (Verified)
P112,Josh Hazlewood,2020,Chennai Super Kings,,,,,1,6.4,8.41,1.0,10.0,Sold (Demo)
P112,Josh Hazlewood,2021,Chennai Super Kings,,,,,11,8.37,10.0,1.0,10.0,Sold (Demo)
P112,Josh Hazlewood,2022,Royal Challengers Bengaluru,5.0,18.0,18.0,69.2,20,8.11,10.0,1.0,10.0,Sold (Demo)
P112,Josh Hazlewood,2023,Royal Challengers Bengaluru,1.0,1.0,1.0,50.0,3,8.44,10.0,1.0,10.0,Sold (Demo)
P112,Josh Hazlewood,2025,Royal Challengers Bengaluru,1.0,0.0,,0.0,22,8.77,10.0,2.0,12.5,Sold (Verified)
P113,K H Pandya,2020,Mumbai Indians,11.0,109.0,18.17,118.5,6,7.57,11.81,2.0,16.0,Sold (Demo)
P113,K H Pandya,2021,Mumbai Indians,12.0,143.0,14.3,116.3,5,7.99,16.0,2.0,16.0,Sold (Demo)
P113,K H Pandya,2022,Lucknow Super Giants,13.0,183.0,20.33,126.2,10,6.97,16.0,2.0,16.0,Sold (Demo)
P113,K H Pandya,2023,Lucknow Super Giants,14.0,188.0,17.09,113.9,9,7.45,16.0,2.0,16.0,Sold (Demo)
P113,K H Pandya,2024,Lucknow Super Giants,11.0,133.0,26.6,126.7,6,7.73,16.0,2.0,16.0,Sold (Demo)
P113,K H Pandya,2025,Royal Challengers Bengaluru,7.0,109.0,18.17,126.7,17,8.24,16.0,2.0,16.0,Sold (Demo)
P114,K L Rahul,2020,Punjab Kings,14.0,670.0,51.54,129.3,0,,10.17,1.0,11.75,Sold (Demo)
P114,K L Rahul,2021,Punjab Kings,13.0,626.0,62.6,138.8,0,,11.75,1.0,11.75,Sold (Demo)
P114,K L Rahul,2022,Lucknow Super Giants,14.0,616.0,56.0,135.4,0,,11.75,1.0,11.75,Sold (Demo)
P114,K L Rahul,2023,Lucknow Super Giants,9.0,274.0,34.25,113.2,0,,11.75,1.0,11.75,Sold (Demo)
P114,K L Rahul,2024,Lucknow Super Giants,14.0,520.0,37.14,136.1,0,,11.75,1.0,11.75,Sold (Demo)
P114,K L Rahul,2025,Delhi Capitals,13.0,539.0,53.9,149.7,0,,11.75,1.0,11.75,Sold (Demo)
P115,K M Jadhav,2020,Chennai Super Kings,5.0,62.0,20.67,93.9,0,,4.98,0.5,6.0,Sold (Demo)
P115,K M Jadhav,2021,Sunrisers Hyderabad,5.0,55.0,13.75,105.8,0,,6.0,0.5,6.0,Sold (Demo)
P115,K M Jadhav,2023,Royal Challengers Bengaluru,1.0,12.0,12.0,120.0,0,,6.0,0.5,6.0,Sold (Demo)
P116,K Nithish Kumar Reddy,2023,Sunrisers Hyderabad,,,,,0,10.8,6.89,1.0,10.0,Sold (Demo)
P116,K Nithish Kumar Reddy,2024,Sunrisers Hyderabad,11.0,303.0,33.67,142.9,3,11.62,10.0,1.0,10.0,Sold (Demo)
P116,K Nithish Kumar Reddy,2025,Sunrisers Hyderabad,11.0,182.0,22.75,119.0,2,9.4,10.0,1.0,10.0,Sold (Demo)
P117,K S Bharat,2021,Royal Challengers Bengaluru,6.0,191.0,38.2,122.4,0,,3.79,0.5,5.0,Sold (Demo)
P117,K S Bharat,2022,Delhi Capitals,2.0,8.0,4.0,114.3,0,,5.0,0.5,5.0,Sold (Demo)
P118,K Yadav,2021,Rajasthan Royals,1.0,0.0,,0.0,0,8.0,1.3,0.3,1.75,Sold (Demo)
P118,K Yadav,2023,Rajasthan Royals,,,,,2,9.71,1.75,0.3,1.75,Sold (Demo)
P119,KA Pollard,2020,Mumbai Indians,12.0,268.0,53.6,191.4,4,9.05,9.61,1.0,12.25,Sold (Demo)
P119,KA Pollard,2021,Mumbai Indians,13.0,245.0,30.62,148.5,5,7.22,12.25,1.0,12.25,Sold (Demo)
P119,KA Pollard,2022,Mumbai Indians,11.0,144.0,14.4,107.5,4,8.93,12.25,1.0,12.25,Sold (Demo)
P120,Kagiso Rabada,2020,Delhi Capitals,6.0,56.0,18.67,114.3,30,8.35,9.05,1.0,13.5,Sold (Demo)
P120,Kagiso Rabada,2021,Delhi Capitals,3.0,13.0,13.0,216.7,15,8.14,13.5,1.0,13.5,Sold (Demo)
P120,Kagiso Rabada,2022,Punjab Kings,7.0,48.0,8.0,111.6,23,8.46,13.5,1.0,13.5,Sold (Demo)
P120,Kagiso Rabada,2023,Punjab Kings,2.0,0.0,0.0,0.0,7,10.09,13.5,1.0,13.5,Sold (Demo)
P120,Kagiso Rabada,2024,Punjab Kings,3.0,20.0,10.0,142.9,11,8.86,13.5,1.0,13.5,Sold (Demo)
P120,Kagiso Rabada,2025,Gujarat Titans,2.0,9.0,4.5,112.5,2,11.57,13.5,2.0,10.75,Sold (Verified)
P121,KAMLESH NAGARKOTI,2020,Kolkata Knight Riders,6.0,22.0,7.33,71.0,5,8.88,3.37,0.5,5.0,Sold (Demo)
P121,KAMLESH NAGARKOTI,2021,Kolkata Knight Riders,1.0,0.0,0.0,0.0,0,12.5,5.0,0.5,5.0,Sold (Demo)
P121,KAMLESH NAGARKOTI,2022,Delhi Capitals,,,,,0,14.5,5.0,0.5,5.0,Sold (Demo)
P122,Kane Williamson,2020,Sunrisers Hyderabad,11.0,317.0,39.62,133.8,0,12.0,6.55,1.0,8.75,Sold (Demo)
P122,Kane Williamson,2021,Sunrisers Hyderabad,10.0,266.0,44.33,113.2,0,,8.75,1.0,8.75,Sold (Demo)
P122,Kane Williamson,2022,Sunrisers Hyderabad,12.0,216.0,21.6,93.5,0,,8.75,1.0,8.75,Sold (Demo)
P122,Kane Williamson,2024,Gujarat Titans,2.0,27.0,13.5,100.0,0,,8.75,1.0,8.75,Sold (Demo)
P123,Karan Sharma,2020,Chennai Super Kings,,,,,5,8.68,7.93,1.0,10.0,Sold (Demo)
P123,Karan Sharma,2022,Lucknow Super Giants,1.0,4.0,4.0,100.0,0,,10.0,1.0,10.0,Sold (Demo)
P123,Karan Sharma,2023,Lucknow Super Giants,2.0,12.0,6.0,57.1,0,,10.0,1.0,10.0,Sold (Demo)
P123,Karan Sharma,2023,Royal Challengers Bengaluru,2.0,3.0,1.5,60.0,10,10.37,10.0,1.0,10.0,Sold (Demo)
P123,Karan Sharma,2024,Royal Challengers Bengaluru,3.0,31.0,10.33,206.7,7,10.58,10.0,1.0,10.0,Sold (Demo)
P123,Karan Sharma,2025,Mumbai Indians,1.0,1.0,1.0,100.0,7,8.53,10.0,1.0,10.0,Sold (Demo)
P124,Kartik Tyagi,2020,Rajasthan Royals,2.0,4.0,4.0,66.7,9,9.62,5.08,0.5,5.75,Sold (Demo)
P124,Kartik Tyagi,2021,Rajasthan Royals,2.0,2.0,2.0,50.0,4,8.86,5.75,0.5,5.75,Sold (Demo)
P124,Kartik Tyagi,2022,Sunrisers Hyderabad,2.0,7.0,3.5,116.7,1,9.88,5.75,0.5,5.75,Sold (Demo)
P124,Kartik Tyagi,2023,Sunrisers Hyderabad,,,,,1,14.92,5.75,0.5,5.75,Sold (Demo)
P124,Kartik Tyagi,2024,Gujarat Titans,,,,,0,12.75,5.75,0.5,5.75,Sold (Demo)
P125,Karun Nair,2020,Punjab Kings,3.0,16.0,8.0,114.3,0,,5.34,0.5,6.5,Sold (Demo)
P125,Karun Nair,2022,Rajasthan Royals,2.0,16.0,8.0,88.9,0,,6.5,0.5,6.5,Sold (Demo)
P125,Karun Nair,2025,Delhi Capitals,8.0,198.0,24.75,172.2,0,,6.5,0.5,6.5,Sold (Demo)
P126,Keshav Maharaj,2024,Rajasthan Royals,1.0,1.0,1.0,50.0,2,6.5,3.03,0.5,3.5,Sold (Demo)
P127,Kuldeep Sen,2022,Rajasthan Royals,1.0,0.0,,0.0,8,9.42,2.39,0.5,3.5,Sold (Demo)
P127,Kuldeep Sen,2023,Rajasthan Royals,,,,,0,9.33,3.5,0.5,3.5,Sold (Demo)
P127,Kuldeep Sen,2024,Rajasthan Royals,,,,,6,10.17,3.5,0.5,3.5,Sold (Demo)
P128,Kuldeep Singh Yadav,2020,Kolkata Knight Riders,2.0,13.0,13.0,61.9,1,7.67,9.24,1.0,12.5,Sold (Demo)
P128,Kuldeep Singh Yadav,2022,Delhi Capitals,7.0,48.0,48.0,92.3,21,8.44,12.5,1.0,12.5,Sold (Demo)
P128,Kuldeep Singh Yadav,2023,Delhi Capitals,10.0,31.0,10.33,64.6,10,7.37,12.5,1.0,12.5,Sold (Demo)
P128,Kuldeep Singh Yadav,2024,Delhi Capitals,5.0,47.0,11.75,114.6,16,8.65,12.5,1.0,12.5,Sold (Demo)
P128,Kuldeep Singh Yadav,2025,Delhi Capitals,5.0,18.0,6.0,112.5,15,7.36,12.5,1.0,12.5,Sold (Demo)
P129,Kulwant Khejroliya,2023,Kolkata Knight Riders,,,,,2,14.77,1.12,0.3,1.5,Sold (Demo)
P129,Kulwant Khejroliya,2025,Gujarat Titans,,,,,1,9.67,1.5,0.3,1.5,Sold (Demo)
P130,Kumar Kartikeya Singh,2022,Mumbai Indians,1.0,3.0,3.0,60.0,5,7.85,5.17,0.5,6.0,Sold (Demo)
P130,Kumar Kartikeya Singh,2023,Mumbai Indians,1.0,6.0,6.0,85.7,5,8.73,6.0,0.5,6.0,Sold (Demo)
P130,Kumar Kartikeya Singh,2025,Rajasthan Royals,2.0,3.0,1.5,60.0,2,9.75,6.0,0.5,6.0,Sold (Demo)
P131,Kwena Maphaka,2024,Mumbai Indians,,,,,1,14.83,4.42,0.5,6.0,Sold (Demo)
P131,Kwena Maphaka,2025,Rajasthan Royals,1.0,8.0,8.0,400.0,1,10.8,6.0,0.75,1.5,Sold (Verified)
P132,Kyle Jamieson,2021,Royal Challengers Bengaluru,7.0,65.0,16.25,118.2,9,9.61,5.45,0.5,7.0,Sold (Demo)
P132,Kyle Jamieson,2025,Punjab Kings,2.0,0.0,,0.0,5,9.8,7.0,0.5,7.0,Sold (Demo)
P133,Kyle Mayers,2023,Lucknow Super Giants,13.0,379.0,29.15,144.1,0,8.43,5.21,0.5,7.0,Sold (Demo)
P134,L Wood,2024,Mumbai Indians,1.0,9.0,9.0,300.0,1,15.5,3.13,0.5,3.75,Sold (Demo)
P135,Lalit Yadav,2021,Delhi Capitals,5.0,68.0,34.0,93.2,4,7.21,6.92,1.0,10.5,Sold (Demo)
P135,Lalit Yadav,2022,Delhi Capitals,8.0,161.0,23.0,110.3,4,8.33,10.5,1.0,10.5,Sold (Demo)
P135,Lalit Yadav,2023,Delhi Capitals,6.0,66.0,13.2,111.9,2,9.08,10.5,1.0,10.5,Sold (Demo)
P135,Lalit Yadav,2024,Delhi Capitals,2.0,10.0,5.0,83.3,0,18.67,10.5,1.0,10.5,Sold (Demo)
P136,LB Williams,2024,Delhi Capitals,1.0,1.0,1.0,50.0,1,12.0,1.55,0.3,2.25,Sold (Demo)
P137,Liam Livingstone,2021,Rajasthan Royals,5.0,42.0,8.4,102.4,0,,10.41,1.0,14.25,Sold (Demo)
P137,Liam Livingstone,2022,Punjab Kings,14.0,437.0,36.42,182.1,6,8.78,14.25,1.0,14.25,Sold (Demo)
P137,Liam Livingstone,2023,Punjab Kings,9.0,279.0,34.88,163.2,2,13.43,14.25,1.0,14.25,Sold (Demo)
P137,Liam Livingstone,2024,Punjab Kings,7.0,111.0,22.2,142.3,3,7.0,14.25,1.0,14.25,Sold (Demo)
P137,Liam Livingstone,2025,Royal Challengers Bengaluru,8.0,112.0,16.0,133.3,2,8.44,14.25,2.0,8.75,Sold (Verified)
P138,Lockie Ferguson,2020,Kolkata Knight Riders,2.0,43.0,43.0,148.3,6,7.46,9.66,1.0,12.25,Sold (Demo)
P138,Lockie Ferguson,2021,Kolkata Knight Riders,1.0,18.0,18.0,163.6,13,7.47,12.25,1.0,12.25,Sold (Demo)
P138,Lockie Ferguson,2022,Gujarat Titans,2.0,5.0,2.5,125.0,12,8.96,12.25,1.0,12.25,Sold (Demo)
P138,Lockie Ferguson,2023,Kolkata Knight Riders,,,,,1,12.52,12.25,1.0,12.25,Sold (Demo)
P138,Lockie Ferguson,2024,Royal Challengers Bengaluru,1.0,1.0,1.0,100.0,9,10.62,12.25,1.0,12.25,Sold (Demo)
P138,Lockie Ferguson,2025,Punjab Kings,1.0,4.0,4.0,400.0,5,9.18,12.25,2.0,2.0,Sold (Verified)
P139,Lungi Ngidi,2020,Chennai Super Kings,,,,,9,10.44,2.92,0.5,3.25,Sold (Demo)
P139,Lungi Ngidi,2021,Chennai Super Kings,,,,,5,10.42,3.25,0.5,3.25,Sold (Demo)
P139,Lungi Ngidi,2025,Royal Challengers Bengaluru,1.0,0.0,,0.0,4,10.12,3.25,0.3,1.0,Sold (Verified)
P140,M Ashwin,2020,Punjab Kings,1.0,4.0,4.0,100.0,10,7.46,6.72,1.0,8.25,Sold (Demo)
P140,M Ashwin,2021,Punjab Kings,2.0,15.0,7.5,62.5,1,8.82,8.25,1.0,8.25,Sold (Demo)
P140,M Ashwin,2022,Mumbai Indians,4.0,12.0,4.0,85.7,9,7.86,8.25,1.0,8.25,Sold (Demo)
P140,M Ashwin,2023,Rajasthan Royals,,,,,0,13.25,8.25,1.0,8.25,Sold (Demo)
P141,M K Lomror,2020,Rajasthan Royals,3.0,59.0,19.67,109.3,0,,6.14,1.0,9.25,Sold (Demo)
P141,M K Lomror,2021,Rajasthan Royals,4.0,94.0,31.33,128.8,1,6.71,9.25,1.0,9.25,Sold (Demo)
P141,M K Lomror,2022,Royal Challengers Bengaluru,5.0,86.0,17.2,150.9,0,9.0,9.25,1.0,9.25,Sold (Demo)
P141,M K Lomror,2023,Royal Challengers Bengaluru,10.0,135.0,16.88,139.2,0,8.5,9.25,1.0,9.25,Sold (Demo)
P141,M K Lomror,2024,Royal Challengers Bengaluru,10.0,125.0,15.62,183.8,0,18.0,9.25,1.0,9.25,Sold (Demo)
P142,M Pathirana,2022,Chennai Super Kings,,,,,2,7.61,4.78,0.5,5.5,Sold (Demo)
P142,M Pathirana,2023,Chennai Super Kings,,,,,19,8.01,5.5,0.5,5.5,Sold (Demo)
P142,M Pathirana,2024,Chennai Super Kings,,,,,13,7.68,5.5,0.5,5.5,Sold (Demo)
P142,M Pathirana,2025,Chennai Super Kings,,,,,13,10.14,5.5,0.5,5.5,Sold (Demo)
P143,M Prasidh Krishna,2020,Kolkata Knight Riders,2.0,2.0,2.0,50.0,4,9.37,5.36,0.5,6.75,Sold (Demo)
P143,M Prasidh Krishna,2021,Kolkata Knight Riders,1.0,0.0,0.0,0.0,12,9.12,6.75,0.5,6.75,Sold (Demo)
P143,M Prasidh Krishna,2022,Rajasthan Royals,2.0,6.0,6.0,50.0,19,8.29,6.75,0.5,6.75,Sold (Demo)
P143,M Prasidh Krishna,2025,Gujarat Titans,,,,,25,8.27,6.75,0.5,6.75,Sold (Demo)
P144,M S Dhoni,2020,Chennai Super Kings,12.0,200.0,25.0,116.3,0,,6.95,1.0,10.5,Sold (Demo)
P144,M S Dhoni,2021,Chennai Super Kings,11.0,114.0,16.29,106.5,0,,10.5,1.0,10.5,Sold (Demo)
P144,M S Dhoni,2022,Chennai Super Kings,12.0,232.0,29.0,123.4,0,,10.5,1.0,10.5,Sold (Demo)
P144,M S Dhoni,2023,Chennai Super Kings,12.0,104.0,26.0,182.5,0,,10.5,1.0,10.5,Sold (Demo)
P144,M S Dhoni,2024,Chennai Super Kings,11.0,161.0,53.67,220.5,0,,10.5,1.0,10.5,Sold (Demo)
P144,M S Dhoni,2025,Chennai Super Kings,13.0,196.0,24.5,135.2,0,,10.5,1.0,10.5,Sold (Demo)
P145,M Shahrukh Khan,2021,Punjab Kings,10.0,153.0,21.86,134.2,0,,8.08,1.0,10.75,Sold (Demo)
P145,M Shahrukh Khan,2022,Punjab Kings,8.0,117.0,16.71,108.3,0,,10.75,1.0,10.75,Sold (Demo)
P145,M Shahrukh Khan,2023,Punjab Kings,12.0,156.0,22.29,166.0,0,,10.75,1.0,10.75,Sold (Demo)
P145,M Shahrukh Khan,2024,Gujarat Titans,7.0,127.0,18.14,169.3,0,7.5,10.75,1.0,10.75,Sold (Demo)
P145,M Shahrukh Khan,2025,Gujarat Titans,11.0,179.0,29.83,179.0,1,13.0,10.75,1.0,10.75,Sold (Demo)
P146,M Siddharth,2024,Lucknow Super Giants,,,,,1,7.89,1.68,0.3,2.25,Sold (Demo)
P146,M Siddharth,2025,Lucknow Super Giants,,,,,2,9.57,2.25,0.3,2.25,Sold (Demo)
P147,M Theekshana,2022,Chennai Super Kings,2.0,7.0,7.0,100.0,12,7.46,5.25,0.5,7.75,Sold (Demo)
P147,M Theekshana,2023,Chennai Super Kings,,,,,11,8.0,7.75,0.5,7.75,Sold (Demo)
P147,M Theekshana,2024,Chennai Super Kings,,,,,2,7.2,7.75,0.5,7.75,Sold (Demo)
P147,M Theekshana,2025,Rajasthan Royals,4.0,10.0,5.0,37.0,11,9.76,7.75,0.5,7.75,Sold (Demo)
P148,Manan Vohra,2021,Rajasthan Royals,4.0,42.0,10.5,107.7,0,,3.78,0.5,4.75,Sold (Demo)
P148,Manan Vohra,2022,Lucknow Super Giants,1.0,19.0,19.0,172.7,0,,4.75,0.5,4.75,Sold (Demo)
P148,Manan Vohra,2023,Lucknow Super Giants,1.0,10.0,10.0,90.9,0,,4.75,0.5,4.75,Sold (Demo)
P149,Mandeep Singh,2020,Punjab Kings,7.0,130.0,21.67,119.3,0,,4.5,0.5,6.0,Sold (Demo)
P149,Mandeep Singh,2021,Punjab Kings,1.0,15.0,15.0,107.1,0,,6.0,0.5,6.0,Sold (Demo)
P149,Mandeep Singh,2022,Delhi Capitals,3.0,18.0,6.0,78.3,0,,6.0,0.5,6.0,Sold (Demo)
P149,Mandeep Singh,2023,Kolkata Knight Riders,3.0,14.0,4.67,87.5,0,,6.0,0.5,6.0,Sold (Demo)
P150,Manish Pandey,2020,Sunrisers Hyderabad,15.0,425.0,32.69,127.6,0,,8.6,1.0,10.25,Sold (Demo)
P150,Manish Pandey,2021,Sunrisers Hyderabad,8.0,292.0,48.67,123.7,0,,10.25,1.0,10.25,Sold (Demo)
P150,Manish Pandey,2022,Lucknow Super Giants,6.0,88.0,14.67,110.0,0,,10.25,1.0,10.25,Sold (Demo)
P150,Manish Pandey,2023,Delhi Capitals,9.0,160.0,17.78,109.6,0,,10.25,1.0,10.25,Sold (Demo)
P150,Manish Pandey,2024,Kolkata Knight Riders,1.0,42.0,42.0,135.5,0,,10.25,1.0,10.25,Sold (Demo)
P150,Manish Pandey,2025,Kolkata Knight Riders,3.0,92.0,46.0,141.5,0,,10.25,0.75,0.75,Sold (Verified)
P151,Marco Jansen,2021,Mumbai Indians,2.0,0.0,0.0,0.0,2,7.5,8.28,1.0,12.0,Sold (Demo)
P151,Marco Jansen,2022,Sunrisers Hyderabad,2.0,9.0,9.0,128.6,7,8.56,12.0,1.0,12.0,Sold (Demo)
P151,Marco Jansen,2023,Sunrisers Hyderabad,6.0,39.0,9.75,90.7,10,9.89,12.0,1.0,12.0,Sold (Demo)
P151,Marco Jansen,2024,Sunrisers Hyderabad,2.0,18.0,18.0,138.5,1,12.9,12.0,1.0,12.0,Sold (Demo)
P151,Marco Jansen,2025,Punjab Kings,8.0,75.0,18.75,119.0,16,9.2,12.0,1.25,7.0,Sold (Verified)
P152,Marcus Stoinis,2020,Delhi Capitals,17.0,352.0,25.14,148.5,13,9.54,14.26,2.0,16.5,Sold (Demo)
P152,Marcus Stoinis,2021,Delhi Capitals,7.0,89.0,22.25,123.6,2,10.48,16.5,2.0,16.5,Sold (Demo)
P152,Marcus Stoinis,2022,Lucknow Super Giants,10.0,156.0,19.5,147.2,4,11.29,16.5,2.0,16.5,Sold (Demo)
P152,Marcus Stoinis,2023,Lucknow Super Giants,15.0,408.0,31.38,150.0,5,9.23,16.5,2.0,16.5,Sold (Demo)
P152,Marcus Stoinis,2024,Lucknow Super Giants,14.0,388.0,32.33,147.5,4,9.0,16.5,2.0,16.5,Sold (Demo)
P152,Marcus Stoinis,2025,Punjab Kings,11.0,160.0,26.67,186.0,1,12.35,16.5,2.0,11.0,Sold (Verified)
P153,Mark Wood,2023,Lucknow Super Giants,2.0,11.0,11.0,220.0,11,8.12,4.49,0.5,5.25,Sold (Demo)
P154,Matt Short,2023,Punjab Kings,6.0,117.0,19.5,127.2,0,6.25,4.61,0.5,5.25,Sold (Demo)
P155,Matthew Wade,2022,Gujarat Titans,10.0,157.0,15.7,113.8,0,,4.02,0.5,5.25,Sold (Demo)
P155,Matthew Wade,2024,Gujarat Titans,1.0,4.0,4.0,66.7,0,,5.25,0.5,5.25,Sold (Demo)
P156,Mayank Agarwal,2020,Punjab Kings,11.0,424.0,38.55,156.5,0,,8.4,1.0,10.25,Sold (Demo)
P156,Mayank Agarwal,2021,Punjab Kings,12.0,441.0,36.75,140.4,0,,10.25,1.0,10.25,Sold (Demo)
P156,Mayank Agarwal,2022,Punjab Kings,12.0,196.0,16.33,122.5,0,,10.25,1.0,10.25,Sold (Demo)
P156,Mayank Agarwal,2023,Sunrisers Hyderabad,10.0,270.0,27.0,128.6,0,,10.25,1.0,10.25,Sold (Demo)
P156,Mayank Agarwal,2024,Sunrisers Hyderabad,4.0,64.0,16.0,112.3,0,,10.25,1.0,10.25,Sold (Demo)
P156,Mayank Agarwal,2025,Royal Challengers Bengaluru,4.0,95.0,31.67,148.4,0,,10.25,1.0,10.25,Sold (Demo)
P157,Mayank Dagar,2023,Sunrisers Hyderabad,,,,,1,7.55,0.22,0.3,0.25,Sold (Demo)
P157,Mayank Dagar,2024,Royal Challengers Bengaluru,1.0,0.0,0.0,0.0,1,10.14,0.25,0.3,0.25,Sold (Demo)
P158,Mayank Markande,2021,Rajasthan Royals,,,,,0,8.67,7.06,1.0,8.25,Sold (Demo)
P158,Mayank Markande,2022,Mumbai Indians,,,,,1,8.14,8.25,1.0,8.25,Sold (Demo)
P158,Mayank Markande,2023,Sunrisers Hyderabad,3.0,21.0,21.0,161.5,12,7.89,8.25,1.0,8.25,Sold (Demo)
P158,Mayank Markande,2024,Sunrisers Hyderabad,,,,,8,11.77,8.25,1.0,8.25,Sold (Demo)
P159,MG Bracewell,2023,Royal Challengers Bengaluru,4.0,58.0,29.0,123.4,6,8.64,4.57,0.5,7.0,Sold (Demo)
P160,Mitchell Marsh,2020,Sunrisers Hyderabad,1.0,0.0,0.0,0.0,0,9.0,9.71,1.0,13.25,Sold (Demo)
P160,Mitchell Marsh,2022,Delhi Capitals,8.0,251.0,31.38,132.8,4,8.5,13.25,1.0,13.25,Sold (Demo)
P160,Mitchell Marsh,2023,Delhi Capitals,9.0,128.0,14.22,132.0,12,8.43,13.25,1.0,13.25,Sold (Demo)
P160,Mitchell Marsh,2024,Delhi Capitals,4.0,61.0,15.25,160.5,1,12.88,13.25,1.0,13.25,Sold (Demo)
P160,Mitchell Marsh,2025,Lucknow Super Giants,13.0,627.0,48.23,163.7,0,,13.25,2.0,3.4,Sold (Verified)
P161,Mitchell Santner,2020,Chennai Super Kings,,,,,2,7.57,8.4,1.0,10.0,Sold (Demo)
P161,Mitchell Santner,2022,Chennai Super Kings,4.0,22.0,11.0,81.5,4,6.84,10.0,1.0,10.0,Sold (Demo)
P161,Mitchell Santner,2023,Chennai Super Kings,2.0,2.0,2.0,50.0,3,6.75,10.0,1.0,10.0,Sold (Demo)
P161,Mitchell Santner,2024,Chennai Super Kings,3.0,14.0,4.67,82.4,2,7.11,10.0,1.0,10.0,Sold (Demo)
P161,Mitchell Santner,2025,Mumbai Indians,8.0,40.0,20.0,121.2,10,7.92,10.0,2.0,2.0,Sold (Verified)
P162,Mitchell Starc,2024,Kolkata Knight Riders,5.0,9.0,4.5,81.8,17,10.61,4.8,0.5,6.25,Sold (Demo)
P162,Mitchell Starc,2025,Delhi Capitals,5.0,6.0,2.0,60.0,14,10.24,6.25,2.0,11.75,Sold (Verified)
P163,Moeen Ali,2020,Royal Challengers Bengaluru,3.0,12.0,4.0,75.0,1,8.4,11.7,2.0,15.25,Sold (Demo)
P163,Moeen Ali,2021,Chennai Super Kings,15.0,357.0,25.5,137.3,6,6.36,15.25,2.0,15.25,Sold (Demo)
P163,Moeen Ali,2022,Chennai Super Kings,10.0,244.0,24.4,137.9,8,6.63,15.25,2.0,15.25,Sold (Demo)
P163,Moeen Ali,2023,Chennai Super Kings,10.0,124.0,17.71,136.3,9,7.5,15.25,2.0,15.25,Sold (Demo)
P163,Moeen Ali,2024,Chennai Super Kings,5.0,128.0,25.6,130.6,2,8.88,15.25,2.0,15.25,Sold (Demo)
P163,Moeen Ali,2025,Kolkata Knight Riders,2.0,5.0,2.5,35.7,6,8.5,15.25,2.0,2.0,Sold (Verified)
P164,Mohammad Nabi,2020,Sunrisers Hyderabad,1.0,11.0,11.0,137.5,0,5.75,5.91,0.5,7.25,Sold (Demo)
P164,Mohammad Nabi,2021,Sunrisers Hyderabad,3.0,34.0,11.33,170.0,2,10.75,7.25,0.5,7.25,Sold (Demo)
P164,Mohammad Nabi,2024,Mumbai Indians,5.0,35.0,8.75,112.9,2,8.84,7.25,0.5,7.25,Sold (Demo)
P165,Mohammed Shami,2020,Punjab Kings,2.0,2.0,2.0,66.7,20,8.57,7.01,1.0,10.25,Sold (Demo)
P165,Mohammed Shami,2021,Punjab Kings,3.0,13.0,13.0,76.5,19,7.5,10.25,1.0,10.25,Sold (Demo)
P165,Mohammed Shami,2022,Gujarat Titans,,,,,20,8.0,10.25,1.0,10.25,Sold (Demo)
P165,Mohammed Shami,2023,Gujarat Titans,2.0,5.0,2.5,83.3,28,8.03,10.25,1.0,10.25,Sold (Demo)
P165,Mohammed Shami,2025,Sunrisers Hyderabad,4.0,10.0,10.0,100.0,6,11.23,10.25,2.0,10.0,Sold (Verified)
P166,Mohammed Siraj,2020,Royal Challengers Bengaluru,3.0,17.0,17.0,121.4,11,8.69,9.75,1.0,12.25,Sold (Demo)
P166,Mohammed Siraj,2021,Royal Challengers Bengaluru,4.0,20.0,20.0,76.9,11,6.79,12.25,1.0,12.25,Sold (Demo)
P166,Mohammed Siraj,2022,Royal Challengers Bengaluru,4.0,30.0,15.0,90.9,9,10.08,12.25,1.0,12.25,Sold (Demo)
P166,Mohammed Siraj,2023,Royal Challengers Bengaluru,2.0,1.0,1.0,50.0,19,7.5,12.25,1.0,12.25,Sold (Demo)
P166,Mohammed Siraj,2024,Royal Challengers Bengaluru,1.0,12.0,12.0,150.0,15,9.19,12.25,1.0,12.25,Sold (Demo)
P166,Mohammed Siraj,2025,Gujarat Titans,1.0,3.0,3.0,75.0,16,9.25,12.25,2.0,12.25,Sold (Verified)
P167,Mohit Sharma,2020,Delhi Capitals,,,,,1,11.25,4.43,0.5,6.5,Sold (Demo)
P167,Mohit Sharma,2023,Gujarat Titans,1.0,0.0,,0.0,27,8.17,6.5,0.5,6.5,Sold (Demo)
P167,Mohit Sharma,2024,Gujarat Titans,2.0,2.0,1.0,13.3,13,10.9,6.5,0.5,6.5,Sold (Demo)
P167,Mohit Sharma,2025,Delhi Capitals,2.0,1.0,1.0,33.3,2,10.28,6.5,0.5,2.2,Sold (Verified)
P168,Mohsin Khan,2022,Lucknow Super Giants,3.0,23.0,23.0,143.8,14,5.97,7.03,1.0,8.75,Sold (Demo)
P168,Mohsin Khan,2023,Lucknow Super Giants,1.0,0.0,0.0,0.0,3,10.7,8.75,1.0,8.75,Sold (Demo)
P168,Mohsin Khan,2024,Lucknow Super Giants,1.0,2.0,2.0,200.0,10,10.13,8.75,1.0,8.75,Sold (Demo)
P169,Moises Henriques,2021,Punjab Kings,4.0,31.0,10.33,96.9,4,4.5,4.78,0.5,6.25,Sold (Demo)
P170,MP Yadav,2024,Lucknow Super Giants,,,,,7,6.99,2.09,0.3,2.5,Sold (Demo)
P170,MP Yadav,2025,Lucknow Super Giants,,,,,2,12.5,2.5,0.3,2.5,Sold (Demo)
P171,MS Washington Sundar,2020,Royal Challengers Bengaluru,9.0,111.0,15.86,116.8,8,5.96,10.87,1.0,12.75,Sold (Demo)
P171,MS Washington Sundar,2021,Royal Challengers Bengaluru,4.0,31.0,7.75,66.0,3,7.38,12.75,1.0,12.75,Sold (Demo)
P171,MS Washington Sundar,2022,Sunrisers Hyderabad,7.0,101.0,14.43,146.4,6,8.54,12.75,1.0,12.75,Sold (Demo)
P171,MS Washington Sundar,2023,Sunrisers Hyderabad,5.0,60.0,15.0,100.0,3,8.26,12.75,1.0,12.75,Sold (Demo)
P171,MS Washington Sundar,2024,Sunrisers Hyderabad,1.0,0.0,0.0,0.0,1,14.6,12.75,1.0,12.75,Sold (Demo)
P171,MS Washington Sundar,2025,Gujarat Titans,5.0,133.0,26.6,166.2,2,10.25,12.75,1.0,12.75,Sold (Demo)
P172,Mujeeb Ur Rahman,2020,Punjab Kings,1.0,1.0,1.0,33.3,0,10.38,2.46,0.5,3.0,Sold (Demo)
P172,Mujeeb Ur Rahman,2021,Sunrisers Hyderabad,1.0,1.0,1.0,100.0,2,7.25,3.0,0.5,3.0,Sold (Demo)
P172,Mujeeb Ur Rahman,2025,Mumbai Indians,,,,,1,14.0,3.0,0.5,3.0,Sold (Demo)
P173,Mukesh Choudhary,2022,Chennai Super Kings,2.0,6.0,6.0,100.0,16,9.32,5.4,0.5,6.25,Sold (Demo)
P173,Mukesh Choudhary,2024,Chennai Super Kings,,,,,0,27.0,6.25,0.5,6.25,Sold (Demo)
P173,Mukesh Choudhary,2025,Chennai Super Kings,,,,,1,11.83,6.25,0.5,6.25,Sold (Demo)
P174,Mukesh Kumar,2023,Delhi Capitals,3.0,7.0,7.0,77.8,7,10.52,5.07,0.5,6.75,Sold (Demo)
P174,Mukesh Kumar,2024,Delhi Capitals,2.0,3.0,3.0,33.3,17,10.37,6.75,0.5,6.75,Sold (Demo)
P174,Mukesh Kumar,2025,Delhi Capitals,,,,,12,10.33,6.75,2.0,8.0,Sold (Verified)
P175,Musheer Khan,2025,Punjab Kings,1.0,0.0,0.0,0.0,1,13.5,1.05,0.3,1.25,Sold (Demo)
P176,Mustafizur Rahman,2021,Rajasthan Royals,3.0,8.0,8.0,57.1,14,8.41,6.9,1.0,8.25,Sold (Demo)
P176,Mustafizur Rahman,2022,Delhi Capitals,1.0,3.0,3.0,60.0,8,7.62,8.25,1.0,8.25,Sold (Demo)
P176,Mustafizur Rahman,2023,Delhi Capitals,1.0,1.0,1.0,100.0,1,11.29,8.25,1.0,8.25,Sold (Demo)
P176,Mustafizur Rahman,2024,Chennai Super Kings,,,,,14,9.26,8.25,1.0,8.25,Sold (Demo)
P176,Mustafizur Rahman,2025,Delhi Capitals,1.0,0.0,0.0,0.0,4,7.91,8.25,1.0,8.25,Sold (Demo)
P177,N Jagadeesan,2020,Chennai Super Kings,2.0,33.0,16.5,113.8,0,,4.2,0.5,5.75,Sold (Demo)
P177,N Jagadeesan,2022,Chennai Super Kings,2.0,40.0,40.0,108.1,0,,5.75,0.5,5.75,Sold (Demo)
P177,N Jagadeesan,2023,Kolkata Knight Riders,6.0,89.0,14.83,109.9,0,,5.75,0.5,5.75,Sold (Demo)
P178,N Thushara,2024,Mumbai Indians,,,,,8,9.88,2.7,0.5,3.25,Sold (Demo)
P178,N Thushara,2025,Royal Challengers Bengaluru,,,,,1,6.5,3.25,0.5,3.25,Sold (Demo)
P179,N Wadhera,2023,Mumbai Indians,10.0,241.0,26.78,145.2,0,,6.55,1.0,8.25,Sold (Demo)
P179,N Wadhera,2024,Mumbai Indians,6.0,109.0,18.17,129.8,0,6.5,8.25,1.0,8.25,Sold (Demo)
P179,N Wadhera,2025,Punjab Kings,15.0,369.0,30.75,145.8,0,10.8,8.25,1.0,8.25,Sold (Demo)
P180,Naman Dhir,2024,Mumbai Indians,7.0,140.0,23.33,177.2,0,11.79,5.24,0.5,6.75,Sold (Demo)
P180,Naman Dhir,2025,Mumbai Indians,12.0,252.0,31.5,182.6,0,5.25,6.75,0.3,5.25,Sold (Verified)
P181,Nathan Coulter-Nile,2020,Mumbai Indians,2.0,25.0,25.0,166.7,5,7.92,5.93,0.5,7.5,Sold (Demo)
P181,Nathan Coulter-Nile,2021,Mumbai Indians,2.0,4.0,2.0,80.0,7,6.35,7.5,0.5,7.5,Sold (Demo)
P181,Nathan Coulter-Nile,2022,Rajasthan Royals,1.0,1.0,1.0,50.0,0,16.0,7.5,0.5,7.5,Sold (Demo)
P182,Nathan Ellis,2021,Punjab Kings,2.0,18.0,18.0,112.5,1,8.18,4.83,0.5,7.0,Sold (Demo)
P182,Nathan Ellis,2022,Punjab Kings,1.0,0.0,0.0,0.0,3,9.17,7.0,0.5,7.0,Sold (Demo)
P182,Nathan Ellis,2023,Punjab Kings,2.0,1.0,0.5,14.3,13,8.92,7.0,0.5,7.0,Sold (Demo)
P182,Nathan Ellis,2024,Punjab Kings,,,,,1,6.0,7.0,0.5,7.0,Sold (Demo)
P182,Nathan Ellis,2025,Chennai Super Kings,,,,,1,9.5,7.0,1.0,2.0,Sold (Verified)
P183,Navdeep Saini,2020,Royal Challengers Bengaluru,3.0,27.0,27.0,100.0,6,8.3,5.89,0.5,7.0,Sold (Demo)
P183,Navdeep Saini,2021,Royal Challengers Bengaluru,1.0,2.0,2.0,50.0,0,13.0,7.0,0.5,7.0,Sold (Demo)
P183,Navdeep Saini,2022,Rajasthan Royals,1.0,2.0,2.0,100.0,3,12.0,7.0,0.5,7.0,Sold (Demo)
P183,Navdeep Saini,2023,Rajasthan Royals,,,,,3,12.33,7.0,0.5,7.0,Sold (Demo)
P184,Naveen-ul-Haq,2023,Lucknow Super Giants,3.0,16.0,8.0,76.2,11,7.82,6.12,0.5,7.25,Sold (Demo)
P184,Naveen-ul-Haq,2024,Lucknow Super Giants,1.0,2.0,2.0,50.0,14,10.19,7.25,0.5,7.25,Sold (Demo)
P185,Nicholas Pooran,2020,Punjab Kings,14.0,353.0,32.09,169.7,0,,8.2,1.0,11.75,Sold (Demo)
P185,Nicholas Pooran,2021,Punjab Kings,10.0,85.0,8.5,111.8,0,,11.75,1.0,11.75,Sold (Demo)
P185,Nicholas Pooran,2022,Sunrisers Hyderabad,13.0,306.0,38.25,144.3,0,,11.75,1.0,11.75,Sold (Demo)
P185,Nicholas Pooran,2023,Lucknow Super Giants,15.0,358.0,29.83,172.9,0,,11.75,1.0,11.75,Sold (Demo)
P185,Nicholas Pooran,2024,Lucknow Super Giants,14.0,499.0,49.9,178.2,0,,11.75,1.0,11.75,Sold (Demo)
P185,Nicholas Pooran,2025,Lucknow Super Giants,14.0,524.0,43.67,196.3,0,,11.75,1.0,11.75,Sold (Demo)
P186,Nitish Rana,2020,Kolkata Knight Riders,14.0,352.0,25.14,138.6,0,11.5,9.97,1.0,13.0,Sold (Demo)
P186,Nitish Rana,2021,Kolkata Knight Riders,16.0,383.0,29.46,122.0,0,6.0,13.0,1.0,13.0,Sold (Demo)
P186,Nitish Rana,2022,Kolkata Knight Riders,14.0,361.0,27.77,143.8,0,11.5,13.0,1.0,13.0,Sold (Demo)
P186,Nitish Rana,2023,Kolkata Knight Riders,14.0,413.0,29.5,141.0,3,8.49,13.0,1.0,13.0,Sold (Demo)
P186,Nitish Rana,2024,Kolkata Knight Riders,2.0,42.0,21.0,123.5,0,,13.0,1.0,13.0,Sold (Demo)
P186,Nitish Rana,2025,Rajasthan Royals,11.0,217.0,21.7,161.9,0,9.0,13.0,1.5,4.2,Sold (Verified)
P187,Noor Ahmad,2023,Gujarat Titans,3.0,8.0,4.0,88.9,16,7.82,5.2,1.0,8.0,Sold (Demo)
P187,Noor Ahmad,2024,Gujarat Titans,2.0,5.0,2.5,55.6,8,8.33,8.0,1.0,8.0,Sold (Demo)
P187,Noor Ahmad,2025,Chennai Super Kings,6.0,7.0,1.75,41.2,24,8.16,8.0,2.0,10.0,Sold (Verified)
P188,OC McCoy,2022,Rajasthan Royals,1.0,8.0,8.0,160.0,11,9.17,5.31,0.5,6.0,Sold (Demo)
P188,OC McCoy,2023,Rajasthan Royals,,,,,0,13.0,6.0,0.5,6.0,Sold (Demo)
P189,OF Smith,2022,Punjab Kings,6.0,51.0,12.75,115.9,6,11.87,4.01,0.5,5.25,Sold (Demo)
P190,PBB Rajapaksa,2022,Punjab Kings,9.0,206.0,22.89,159.7,0,,5.05,0.5,6.75,Sold (Demo)
P190,PBB Rajapaksa,2023,Punjab Kings,4.0,71.0,23.67,114.5,0,,6.75,0.5,6.75,Sold (Demo)
P191,Philip Salt,2023,Delhi Capitals,9.0,218.0,27.25,163.9,0,,7.18,1.0,9.0,Sold (Demo)
P191,Philip Salt,2024,Kolkata Knight Riders,12.0,435.0,39.55,182.0,0,,9.0,1.0,9.0,Sold (Demo)
P191,Philip Salt,2025,Royal Challengers Bengaluru,13.0,403.0,33.58,176.0,0,,9.0,1.0,9.0,Sold (Demo)
P192,PHKD Mendis,2025,Sunrisers Hyderabad,5.0,92.0,30.67,133.3,2,8.57,5.42,0.5,6.75,Sold (Demo)
P193,Piyush Chawla,2020,Chennai Super Kings,,,,,6,9.1,7.81,1.0,9.25,Sold (Demo)
P193,Piyush Chawla,2021,Mumbai Indians,1.0,0.0,0.0,0.0,1,9.5,9.25,1.0,9.25,Sold (Demo)
P193,Piyush Chawla,2023,Mumbai Indians,4.0,25.0,12.5,113.6,22,8.11,9.25,1.0,9.25,Sold (Demo)
P193,Piyush Chawla,2024,Mumbai Indians,6.0,15.0,3.75,100.0,13,8.91,9.25,1.0,9.25,Sold (Demo)
P194,Prabhsimran Singh,2020,Punjab Kings,2.0,15.0,7.5,100.0,0,,7.61,1.0,10.0,Sold (Demo)
P194,Prabhsimran Singh,2021,Punjab Kings,2.0,19.0,9.5,82.6,0,,10.0,1.0,10.0,Sold (Demo)
P194,Prabhsimran Singh,2022,Punjab Kings,1.0,14.0,14.0,127.3,0,,10.0,1.0,10.0,Sold (Demo)
P194,Prabhsimran Singh,2023,Punjab Kings,14.0,358.0,25.57,150.4,0,,10.0,1.0,10.0,Sold (Demo)
P194,Prabhsimran Singh,2024,Punjab Kings,14.0,334.0,23.86,156.8,0,,10.0,1.0,10.0,Sold (Demo)
P194,Prabhsimran Singh,2025,Punjab Kings,18.0,599.0,35.24,161.9,0,,10.0,1.0,10.0,Sold (Demo)
P195,Pradeep Sangwan,2022,Gujarat Titans,1.0,2.0,2.0,40.0,3,7.22,2.13,0.3,2.5,Sold (Demo)
P196,Pravin Dubey,2020,Delhi Capitals,1.0,7.0,7.0,53.8,0,9.0,4.31,0.5,5.5,Sold (Demo)
P196,Pravin Dubey,2023,Delhi Capitals,1.0,16.0,16.0,80.0,1,6.33,5.5,0.5,5.5,Sold (Demo)
P196,Pravin Dubey,2025,Punjab Kings,,,,,1,10.0,5.5,0.5,5.5,Sold (Demo)
P197,Prerak Mankad,2022,Punjab Kings,1.0,4.0,4.0,400.0,0,,5.26,0.5,6.5,Sold (Demo)
P197,Prerak Mankad,2023,Lucknow Super Giants,4.0,93.0,31.0,129.2,0,,6.5,0.5,6.5,Sold (Demo)
P198,Prince Yadav,2025,Lucknow Super Giants,2.0,5.0,5.0,50.0,3,9.85,1.8,0.3,2.75,Sold (Demo)
P199,Prithvi Shaw,2020,Delhi Capitals,13.0,228.0,17.54,136.5,0,,7.32,1.0,11.0,Sold (Demo)
P199,Prithvi Shaw,2021,Delhi Capitals,15.0,479.0,31.93,159.1,0,,11.0,1.0,11.0,Sold (Demo)
P199,Prithvi Shaw,2022,Delhi Capitals,10.0,283.0,28.3,153.0,0,,11.0,1.0,11.0,Sold (Demo)
P199,Prithvi Shaw,2023,Delhi Capitals,8.0,106.0,13.25,124.7,0,,11.0,1.0,11.0,Sold (Demo)
P199,Prithvi Shaw,2024,Delhi Capitals,8.0,198.0,24.75,163.6,0,,11.0,1.0,11.0,Sold (Demo)
P200,Priyam Garg,2020,Sunrisers Hyderabad,10.0,133.0,13.3,119.8,0,,5.16,0.5,7.0,Sold (Demo)
P200,Priyam Garg,2021,Sunrisers Hyderabad,5.0,72.0,14.4,97.3,0,,7.0,0.5,7.0,Sold (Demo)
P200,Priyam Garg,2022,Sunrisers Hyderabad,2.0,46.0,23.0,139.4,0,,7.0,0.5,7.0,Sold (Demo)
P200,Priyam Garg,2023,Delhi Capitals,2.0,22.0,11.0,95.7,0,,7.0,0.5,7.0,Sold (Demo)
P201,PVSN Raju,2025,Mumbai Indians,1.0,1.0,1.0,100.0,1,13.25,1.03,0.3,1.25,Sold (Demo)
P202,Quinton de Kock,2020,Mumbai Indians,16.0,503.0,35.93,140.5,0,,8.89,1.0,11.25,Sold (Demo)
P202,Quinton de Kock,2021,Mumbai Indians,11.0,297.0,29.7,116.0,0,,11.25,1.0,11.25,Sold (Demo)
P202,Quinton de Kock,2022,Lucknow Super Giants,15.0,508.0,36.29,149.0,0,,11.25,1.0,11.25,Sold (Demo)
P202,Quinton de Kock,2023,Lucknow Super Giants,4.0,143.0,35.75,140.2,0,,11.25,1.0,11.25,Sold (Demo)
P202,Quinton de Kock,2024,Lucknow Super Giants,11.0,250.0,22.73,134.4,0,,11.25,1.0,11.25,Sold (Demo)
P202,Quinton de Kock,2025,Kolkata Knight Riders,8.0,152.0,19.0,129.9,0,,11.25,2.0,3.6,Sold (Verified)
P203,R A Tripathi,2020,Kolkata Knight Riders,11.0,230.0,23.0,127.1,0,,8.99,1.0,10.5,Sold (Demo)
P203,R A Tripathi,2021,Kolkata Knight Riders,16.0,397.0,28.36,140.3,0,,10.5,1.0,10.5,Sold (Demo)
P203,R A Tripathi,2022,Sunrisers Hyderabad,14.0,413.0,37.55,158.2,0,,10.5,1.0,10.5,Sold (Demo)
P203,R A Tripathi,2023,Sunrisers Hyderabad,13.0,273.0,22.75,128.2,0,,10.5,1.0,10.5,Sold (Demo)
P203,R A Tripathi,2024,Sunrisers Hyderabad,6.0,165.0,27.5,143.5,0,,10.5,1.0,10.5,Sold (Demo)
P203,R A Tripathi,2025,Chennai Super Kings,5.0,55.0,11.0,96.5,0,,10.5,1.0,10.5,Sold (Demo)
P204,R D Chahar,2020,Mumbai Indians,1.0,2.0,2.0,50.0,15,8.17,11.31,1.0,13.0,Sold (Demo)
P204,R D Chahar,2021,Mumbai Indians,4.0,14.0,3.5,93.3,13,7.4,13.0,1.0,13.0,Sold (Demo)
P204,R D Chahar,2022,Punjab Kings,8.0,77.0,11.0,113.2,14,7.71,13.0,1.0,13.0,Sold (Demo)
P204,R D Chahar,2023,Punjab Kings,2.0,0.0,0.0,0.0,8,7.75,13.0,1.0,13.0,Sold (Demo)
P204,R D Chahar,2024,Punjab Kings,2.0,21.0,21.0,140.0,10,9.0,13.0,1.0,13.0,Sold (Demo)
P204,R D Chahar,2025,Sunrisers Hyderabad,,,,,0,9.0,13.0,1.0,13.0,Sold (Demo)
P205,R D Gaikwad,2020,Chennai Super Kings,6.0,204.0,51.0,120.7,0,,9.4,1.0,11.5,Sold (Demo)
P205,R D Gaikwad,2021,Chennai Super Kings,16.0,635.0,45.36,136.3,0,,11.5,1.0,11.5,Sold (Demo)
P205,R D Gaikwad,2022,Chennai Super Kings,14.0,368.0,26.29,126.5,0,,11.5,1.0,11.5,Sold (Demo)
P205,R D Gaikwad,2023,Chennai Super Kings,15.0,590.0,42.14,147.5,0,,11.5,1.0,11.5,Sold (Demo)
P205,R D Gaikwad,2024,Chennai Super Kings,14.0,583.0,48.58,141.2,0,,11.5,1.0,11.5,Sold (Demo)
P205,R D Gaikwad,2025,Chennai Super Kings,5.0,122.0,24.4,150.6,0,,11.5,1.0,11.5,Sold (Demo)
P206,R K Tewatia,2020,Rajasthan Royals,11.0,255.0,42.5,139.3,10,7.09,11.52,1.0,14.5,Sold (Demo)
P206,R K Tewatia,2021,Rajasthan Royals,11.0,155.0,15.5,105.4,8,9.19,14.5,1.0,14.5,Sold (Demo)
P206,R K Tewatia,2022,Gujarat Titans,12.0,217.0,31.0,147.6,0,12.67,14.5,1.0,14.5,Sold (Demo)
P206,R K Tewatia,2023,Gujarat Titans,10.0,87.0,17.4,152.6,0,6.92,14.5,1.0,14.5,Sold (Demo)
P206,R K Tewatia,2024,Gujarat Titans,9.0,188.0,26.86,145.7,0,,14.5,1.0,14.5,Sold (Demo)
P206,R K Tewatia,2025,Gujarat Titans,11.0,99.0,14.14,167.8,0,,14.5,1.0,14.5,Sold (Demo)
P207,R Powell,2022,Delhi Capitals,12.0,250.0,22.73,149.7,0,17.0,5.99,1.0,8.0,Sold (Demo)
P207,R Powell,2023,Delhi Capitals,3.0,7.0,2.33,77.8,1,9.0,8.0,1.0,8.0,Sold (Demo)
P207,R Powell,2024,Rajasthan Royals,7.0,103.0,17.17,151.5,0,,8.0,1.0,8.0,Sold (Demo)
P207,R Powell,2025,Kolkata Knight Riders,1.0,5.0,5.0,100.0,0,,8.0,1.0,8.0,Sold (Demo)
P208,R R Dhawan,2022,Punjab Kings,4.0,37.0,18.5,92.5,6,8.21,7.03,1.0,8.0,Sold (Demo)
P208,R R Dhawan,2023,Punjab Kings,2.0,20.0,10.0,166.7,1,8.57,8.0,1.0,8.0,Sold (Demo)
P208,R R Dhawan,2024,Punjab Kings,,,,,0,11.67,8.0,1.0,8.0,Sold (Demo)
P209,R Sai Kishore,2022,Gujarat Titans,,,,,6,7.56,6.31,0.5,7.5,Sold (Demo)
P209,R Sai Kishore,2024,Gujarat Titans,1.0,13.0,13.0,216.7,7,9.13,7.5,0.5,7.5,Sold (Demo)
P209,R Sai Kishore,2025,Gujarat Titans,3.0,5.0,1.67,50.0,19,9.25,7.5,0.5,7.5,Sold (Demo)
P210,R Shepherd,2022,Sunrisers Hyderabad,3.0,58.0,19.33,141.5,3,10.89,8.04,1.0,10.5,Sold (Demo)
P210,R Shepherd,2023,Lucknow Super Giants,1.0,0.0,0.0,0.0,0,,10.5,1.0,10.5,Sold (Demo)
P210,R Shepherd,2024,Mumbai Indians,5.0,57.0,28.5,271.4,1,13.25,10.5,1.0,10.5,Sold (Demo)
P210,R Shepherd,2025,Royal Challengers Bengaluru,3.0,70.0,35.0,291.7,6,10.79,10.5,1.0,10.5,Sold (Demo)
P211,R Shreyas Gopal,2020,Rajasthan Royals,5.0,37.0,9.25,94.9,10,8.54,6.39,1.0,8.25,Sold (Demo)
P211,R Shreyas Gopal,2021,Rajasthan Royals,2.0,7.0,7.0,140.0,0,12.0,8.25,1.0,8.25,Sold (Demo)
P211,R Shreyas Gopal,2022,Sunrisers Hyderabad,1.0,9.0,9.0,128.6,1,11.33,8.25,1.0,8.25,Sold (Demo)
P211,R Shreyas Gopal,2024,Mumbai Indians,,,,,3,9.57,8.25,1.0,8.25,Sold (Demo)
P212,RA Bawa,2022,Punjab Kings,2.0,11.0,5.5,78.6,0,,2.91,0.5,4.25,Sold (Demo)
P212,RA Bawa,2025,Mumbai Indians,1.0,8.0,8.0,200.0,0,,4.25,0.5,4.25,Sold (Demo)
P213,Rachin Ravindra,2024,Chennai Super Kings,10.0,222.0,22.2,160.9,0,3.5,5.12,0.5,7.5,Sold (Demo)
P213,Rachin Ravindra,2025,Chennai Super Kings,8.0,191.0,23.88,128.2,0,,7.5,1.5,4.0,Sold (Verified)
P214,Rahmanullah Gurbaz,2023,Kolkata Knight Riders,11.0,227.0,20.64,133.5,0,,5.07,0.5,7.75,Sold (Demo)
P214,Rahmanullah Gurbaz,2024,Kolkata Knight Riders,2.0,62.0,31.0,134.8,0,,7.75,0.5,7.75,Sold (Demo)
P214,Rahmanullah Gurbaz,2025,Kolkata Knight Riders,5.0,74.0,18.5,139.6,0,,7.75,2.0,2.0,Sold (Verified)
P215,Rajat Patidar,2021,Royal Challengers Bengaluru,4.0,71.0,17.75,114.5,0,,6.95,1.0,9.25,Sold (Demo)
P215,Rajat Patidar,2022,Royal Challengers Bengaluru,7.0,333.0,55.5,152.8,0,,9.25,1.0,9.25,Sold (Demo)
P215,Rajat Patidar,2024,Royal Challengers Bengaluru,13.0,395.0,30.38,177.1,0,,9.25,1.0,9.25,Sold (Demo)
P215,Rajat Patidar,2025,Royal Challengers Bengaluru,14.0,312.0,24.0,143.8,0,,9.25,1.0,9.25,Sold (Demo)
P216,Ramandeep Singh,2022,Mumbai Indians,4.0,45.0,15.0,112.5,6,9.0,6.68,1.0,8.75,Sold (Demo)
P216,Ramandeep Singh,2024,Kolkata Knight Riders,9.0,125.0,25.0,201.6,0,13.5,8.75,1.0,8.75,Sold (Demo)
P216,Ramandeep Singh,2025,Kolkata Knight Riders,7.0,47.0,9.4,134.3,0,,8.75,1.0,8.75,Sold (Demo)
P217,Rashid Khan,2020,Sunrisers Hyderabad,6.0,35.0,8.75,116.7,20,5.38,11.72,2.0,18.0,Sold (Demo)
P217,Rashid Khan,2021,Sunrisers Hyderabad,10.0,83.0,10.38,120.3,18,6.7,18.0,2.0,18.0,Sold (Demo)
P217,Rashid Khan,2022,Gujarat Titans,8.0,91.0,22.75,206.8,19,6.6,18.0,2.0,18.0,Sold (Demo)
P217,Rashid Khan,2023,Gujarat Titans,9.0,130.0,32.5,216.7,27,8.24,18.0,2.0,18.0,Sold (Demo)
P217,Rashid Khan,2024,Gujarat Titans,8.0,102.0,17.0,143.7,10,8.4,18.0,2.0,18.0,Sold (Demo)
P217,Rashid Khan,2025,Gujarat Titans,8.0,40.0,8.0,142.9,9,9.35,18.0,2.0,18.0,Sold (Demo)
P218,Rasikh Salam,2022,Kolkata Knight Riders,1.0,7.0,7.0,116.7,0,7.0,4.61,0.5,5.75,Sold (Demo)
P218,Rasikh Salam,2024,Delhi Capitals,4.0,28.0,7.0,93.3,9,10.98,5.75,0.5,5.75,Sold (Demo)
P218,Rasikh Salam,2025,Royal Challengers Bengaluru,,,,,1,11.67,5.75,0.5,5.75,Sold (Demo)
P219,Ravi Ashwin,2020,Delhi Capitals,5.0,37.0,12.33,108.8,13,7.67,10.2,1.0,14.75,Sold (Demo)
P219,Ravi Ashwin,2021,Delhi Capitals,5.0,44.0,14.67,104.8,7,7.41,14.75,1.0,14.75,Sold (Demo)
P219,Ravi Ashwin,2022,Rajasthan Royals,12.0,191.0,23.88,141.5,12,7.51,14.75,1.0,14.75,Sold (Demo)
P219,Ravi Ashwin,2023,Rajasthan Royals,9.0,67.0,13.4,131.4,14,7.51,14.75,1.0,14.75,Sold (Demo)
P219,Ravi Ashwin,2024,Rajasthan Royals,8.0,86.0,14.33,116.2,9,8.49,14.75,1.0,14.75,Sold (Demo)
P219,Ravi Ashwin,2025,Chennai Super Kings,4.0,33.0,8.25,110.0,7,9.13,14.75,1.0,14.75,Sold (Demo)
P220,Ravi Bishnoi,2020,Punjab Kings,2.0,7.0,7.0,58.3,12,7.37,7.97,1.0,11.0,Sold (Demo)
P220,Ravi Bishnoi,2021,Punjab Kings,1.0,1.0,1.0,25.0,12,6.39,11.0,1.0,11.0,Sold (Demo)
P220,Ravi Bishnoi,2022,Lucknow Super Giants,1.0,0.0,,0.0,13,8.44,11.0,1.0,11.0,Sold (Demo)
P220,Ravi Bishnoi,2023,Lucknow Super Giants,7.0,20.0,6.67,74.1,16,7.74,11.0,1.0,11.0,Sold (Demo)
P220,Ravi Bishnoi,2024,Lucknow Super Giants,3.0,4.0,1.33,66.7,10,8.77,11.0,1.0,11.0,Sold (Demo)
P220,Ravi Bishnoi,2025,Lucknow Super Giants,2.0,13.0,6.5,81.2,9,10.84,11.0,1.0,11.0,Sold (Demo)
P221,Ravindra Jadeja,2020,Chennai Super Kings,11.0,232.0,38.67,171.9,6,8.75,15.09,2.0,17.0,Sold (Demo)
P221,Ravindra Jadeja,2021,Chennai Super Kings,11.0,227.0,56.75,145.5,13,7.06,17.0,2.0,17.0,Sold (Demo)
P221,Ravindra Jadeja,2022,Chennai Super Kings,10.0,116.0,14.5,118.4,5,7.52,17.0,2.0,17.0,Sold (Demo)
P221,Ravindra Jadeja,2023,Chennai Super Kings,12.0,190.0,23.75,142.9,20,7.56,17.0,2.0,17.0,Sold (Demo)
P221,Ravindra Jadeja,2024,Chennai Super Kings,11.0,267.0,53.4,142.8,8,7.85,17.0,2.0,17.0,Sold (Demo)
P221,Ravindra Jadeja,2025,Chennai Super Kings,14.0,301.0,33.44,135.6,10,8.56,17.0,2.0,17.0,Sold (Demo)
P222,Richard Gleeson,2024,Chennai Super Kings,1.0,2.0,2.0,100.0,1,9.06,2.47,0.3,2.75,Sold (Demo)
P222,Richard Gleeson,2025,Mumbai Indians,,,,,1,11.14,2.75,0.3,2.75,Sold (Demo)
P223,Rilee Rossouw,2023,Delhi Capitals,9.0,209.0,29.86,148.2,0,,6.32,0.5,7.75,Sold (Demo)
P223,Rilee Rossouw,2024,Punjab Kings,8.0,211.0,26.38,181.9,0,,7.75,0.5,7.75,Sold (Demo)
P224,Riley Meredith,2021,Punjab Kings,,,,,4,9.94,2.46,0.3,2.75,Sold (Demo)
P224,Riley Meredith,2022,Mumbai Indians,1.0,0.0,0.0,0.0,8,8.43,2.75,0.3,2.75,Sold (Demo)
P224,Riley Meredith,2023,Mumbai Indians,1.0,0.0,,0.0,7,10.53,2.75,0.3,2.75,Sold (Demo)
P225,Rinku Singh,2020,Kolkata Knight Riders,1.0,11.0,11.0,100.0,0,,6.96,1.0,10.25,Sold (Demo)
P225,Rinku Singh,2022,Kolkata Knight Riders,7.0,174.0,34.8,148.7,0,,10.25,1.0,10.25,Sold (Demo)
P225,Rinku Singh,2023,Kolkata Knight Riders,14.0,474.0,47.4,149.5,0,,10.25,1.0,10.25,Sold (Demo)
P225,Rinku Singh,2024,Kolkata Knight Riders,11.0,168.0,18.67,148.7,0,,10.25,1.0,10.25,Sold (Demo)
P225,Rinku Singh,2025,Kolkata Knight Riders,11.0,206.0,25.75,153.7,0,,10.25,1.0,10.25,Sold (Demo)
P226,Ripal Patel,2021,Delhi Capitals,2.0,25.0,25.0,92.6,0,7.33,4.22,0.5,6.25,Sold (Demo)
P226,Ripal Patel,2022,Delhi Capitals,1.0,6.0,6.0,200.0,0,,6.25,0.5,6.25,Sold (Demo)
P226,Ripal Patel,2023,Delhi Capitals,4.0,49.0,16.33,114.0,0,,6.25,0.5,6.25,Sold (Demo)
P227,Rishabh Pant,2020,Delhi Capitals,14.0,343.0,31.18,114.0,0,,7.33,1.0,10.5,Sold (Demo)
P227,Rishabh Pant,2021,Delhi Capitals,16.0,419.0,34.92,128.5,0,,10.5,1.0,10.5,Sold (Demo)
P227,Rishabh Pant,2022,Delhi Capitals,13.0,340.0,30.91,151.8,0,,10.5,1.0,10.5,Sold (Demo)
P227,Rishabh Pant,2024,Delhi Capitals,13.0,446.0,40.55,155.4,0,,10.5,1.0,10.5,Sold (Demo)
P227,Rishabh Pant,2025,Lucknow Super Giants,13.0,269.0,24.45,133.2,0,,10.5,2.0,27.0,Sold (Verified)
P228,Riyan Parag,2020,Rajasthan Royals,8.0,86.0,12.29,111.7,0,13.5,10.91,1.0,13.25,Sold (Demo)
P228,Riyan Parag,2021,Rajasthan Royals,10.0,93.0,11.62,112.0,1,11.84,13.25,1.0,13.25,Sold (Demo)
P228,Riyan Parag,2022,Rajasthan Royals,14.0,183.0,15.25,138.6,1,14.75,13.25,1.0,13.25,Sold (Demo)
P228,Riyan Parag,2023,Rajasthan Royals,7.0,78.0,13.0,118.2,0,,13.25,1.0,13.25,Sold (Demo)
P228,Riyan Parag,2024,Rajasthan Royals,14.0,573.0,52.09,149.2,0,9.0,13.25,1.0,13.25,Sold (Demo)
P228,Riyan Parag,2025,Rajasthan Royals,14.0,393.0,32.75,166.5,3,8.5,13.25,1.0,13.25,Sold (Demo)
P229,RJW Topley,2023,Royal Challengers Bengaluru,,,,,1,7.0,2.52,0.5,3.75,Sold (Demo)
P229,RJW Topley,2024,Royal Challengers Bengaluru,1.0,3.0,3.0,50.0,4,11.2,3.75,0.5,3.75,Sold (Demo)
P229,RJW Topley,2025,Mumbai Indians,,,,,0,13.33,3.75,0.5,3.75,Sold (Demo)
P230,Rohit Sharma,2020,Mumbai Indians,12.0,332.0,27.67,127.7,0,,8.27,1.0,10.0,Sold (Demo)
P230,Rohit Sharma,2021,Mumbai Indians,13.0,381.0,29.31,127.4,0,11.14,10.0,1.0,10.0,Sold (Demo)
P230,Rohit Sharma,2022,Mumbai Indians,14.0,268.0,19.14,120.2,0,,10.0,1.0,10.0,Sold (Demo)
P230,Rohit Sharma,2023,Mumbai Indians,16.0,332.0,20.75,132.8,0,,10.0,1.0,10.0,Sold (Demo)
P230,Rohit Sharma,2024,Mumbai Indians,14.0,417.0,32.08,150.0,0,,10.0,1.0,10.0,Sold (Demo)
P230,Rohit Sharma,2025,Mumbai Indians,15.0,418.0,29.86,149.3,0,,10.0,1.0,10.0,Sold (Demo)
P231,RV Uthappa,2020,Rajasthan Royals,12.0,196.0,16.33,119.5,0,,5.18,0.5,7.75,Sold (Demo)
P231,RV Uthappa,2021,Chennai Super Kings,4.0,115.0,28.75,136.9,0,,7.75,0.5,7.75,Sold (Demo)
P231,RV Uthappa,2022,Chennai Super Kings,11.0,230.0,20.91,134.5,0,,7.75,0.5,7.75,Sold (Demo)
P232,S K K Ahmed,2020,Sunrisers Hyderabad,1.0,0.0,0.0,0.0,8,9.43,5.08,0.5,7.0,Sold (Demo)
P232,S K K Ahmed,2021,Sunrisers Hyderabad,1.0,1.0,1.0,50.0,5,8.11,7.0,0.5,7.0,Sold (Demo)
P232,S K K Ahmed,2022,Delhi Capitals,2.0,0.0,0.0,0.0,16,8.04,7.0,0.5,7.0,Sold (Demo)
P232,S K K Ahmed,2023,Delhi Capitals,,,,,9,9.12,7.0,0.5,7.0,Sold (Demo)
P232,S K K Ahmed,2024,Delhi Capitals,,,,,17,9.58,7.0,0.5,7.0,Sold (Demo)
P232,S K K Ahmed,2025,Chennai Super Kings,1.0,1.0,1.0,50.0,15,9.58,7.0,0.5,7.0,Sold (Demo)
P233,S N Khan,2020,Punjab Kings,3.0,33.0,16.5,113.8,0,,4.35,0.5,6.25,Sold (Demo)
P233,S N Khan,2021,Punjab Kings,2.0,0.0,0.0,0.0,0,,6.25,0.5,6.25,Sold (Demo)
P233,S N Khan,2022,Delhi Capitals,5.0,91.0,30.33,135.8,0,,6.25,0.5,6.25,Sold (Demo)
P233,S N Khan,2023,Delhi Capitals,4.0,53.0,13.25,85.5,0,,6.25,0.5,6.25,Sold (Demo)
P234,S Sandeep Warrier,2020,Kolkata Knight Riders,,,,,0,11.33,1.99,0.3,2.5,Sold (Demo)
P234,S Sandeep Warrier,2021,Kolkata Knight Riders,,,,,0,7.5,2.5,0.3,2.5,Sold (Demo)
P234,S Sandeep Warrier,2024,Gujarat Titans,,,,,6,10.82,2.5,0.3,2.5,Sold (Demo)
P235,SA Yadav,2020,Mumbai Indians,15.0,480.0,40.0,145.0,0,,9.36,1.0,11.5,Sold (Demo)
P235,SA Yadav,2021,Mumbai Indians,14.0,317.0,22.64,143.4,0,,11.5,1.0,11.5,Sold (Demo)
P235,SA Yadav,2022,Mumbai Indians,8.0,303.0,37.88,145.7,0,,11.5,1.0,11.5,Sold (Demo)
P235,SA Yadav,2023,Mumbai Indians,16.0,605.0,43.21,181.1,0,,11.5,1.0,11.5,Sold (Demo)
P235,SA Yadav,2024,Mumbai Indians,11.0,345.0,34.5,167.5,0,,11.5,1.0,11.5,Sold (Demo)
P235,SA Yadav,2025,Mumbai Indians,16.0,717.0,65.18,167.9,0,,11.5,1.0,11.5,Sold (Demo)
P236,Sam Curran,2020,Chennai Super Kings,11.0,186.0,23.25,131.9,13,8.19,13.93,2.0,15.75,Sold (Demo)
P236,Sam Curran,2021,Chennai Super Kings,4.0,56.0,18.67,193.1,9,9.94,15.75,2.0,15.75,Sold (Demo)
P236,Sam Curran,2023,Punjab Kings,13.0,276.0,27.6,136.0,10,10.22,15.75,2.0,15.75,Sold (Demo)
P236,Sam Curran,2024,Punjab Kings,12.0,270.0,27.0,123.3,16,10.15,15.75,2.0,15.75,Sold (Demo)
P236,Sam Curran,2025,Chennai Super Kings,5.0,114.0,22.8,135.7,1,11.08,15.75,2.0,2.4,Sold (Verified)
P237,Sameer Rizvi,2024,Chennai Super Kings,5.0,51.0,12.75,118.6,0,,3.7,0.5,5.0,Sold (Demo)
P237,Sameer Rizvi,2025,Delhi Capitals,4.0,121.0,40.33,153.2,0,,5.0,0.3,0.95,Sold (Verified)
P238,Sandeep Sharma,2020,Sunrisers Hyderabad,5.0,12.0,6.0,80.0,14,7.19,8.21,1.0,10.75,Sold (Demo)
P238,Sandeep Sharma,2021,Sunrisers Hyderabad,2.0,8.0,8.0,114.3,3,8.64,10.75,1.0,10.75,Sold (Demo)
P238,Sandeep Sharma,2022,Punjab Kings,,,,,2,7.65,10.75,1.0,10.75,Sold (Demo)
P238,Sandeep Sharma,2023,Rajasthan Royals,2.0,2.0,2.0,33.3,10,8.61,10.75,1.0,10.75,Sold (Demo)
P238,Sandeep Sharma,2024,Rajasthan Royals,,,,,13,8.18,10.75,1.0,10.75,Sold (Demo)
P238,Sandeep Sharma,2025,Rajasthan Royals,1.0,6.0,6.0,120.0,9,9.89,10.75,1.0,10.75,Sold (Demo)
P239,Sanju Samson,2020,Rajasthan Royals,14.0,375.0,28.85,158.9,0,,9.48,1.0,11.75,Sold (Demo)
P239,Sanju Samson,2021,Rajasthan Royals,14.0,484.0,40.33,136.7,0,,11.75,1.0,11.75,Sold (Demo)
P239,Sanju Samson,2022,Rajasthan Royals,17.0,458.0,28.62,146.8,0,,11.75,1.0,11.75,Sold (Demo)
P239,Sanju Samson,2023,Rajasthan Royals,14.0,362.0,30.17,153.4,0,,11.75,1.0,11.75,Sold (Demo)
P239,Sanju Samson,2024,Rajasthan Royals,15.0,531.0,48.27,153.5,0,,11.75,1.0,11.75,Sold (Demo)
P239,Sanju Samson,2025,Rajasthan Royals,9.0,285.0,35.62,140.4,0,,11.75,1.0,11.75,Sold (Demo)
P240,Sanvir Singh,2023,Sunrisers Hyderabad,2.0,11.0,11.0,122.2,0,,3.02,0.5,3.5,Sold (Demo)
P240,Sanvir Singh,2024,Sunrisers Hyderabad,3.0,14.0,14.0,116.7,0,,3.5,0.5,3.5,Sold (Demo)
P241,Saurabh Tiwary,2020,Mumbai Indians,5.0,103.0,20.6,128.8,0,,5.85,0.5,6.75,Sold (Demo)
P241,Saurabh Tiwary,2021,Mumbai Indians,4.0,115.0,38.33,118.6,0,,6.75,0.5,6.75,Sold (Demo)
P242,Sean Abbott,2022,Sunrisers Hyderabad,1.0,7.0,7.0,140.0,1,11.75,3.02,0.5,3.5,Sold (Demo)
P243,SH Johnson,2024,Gujarat Titans,3.0,6.0,6.0,85.7,4,9.44,2.88,0.5,3.75,Sold (Demo)
P243,SH Johnson,2025,Kolkata Knight Riders,2.0,2.0,2.0,50.0,1,11.74,3.75,0.5,3.75,Sold (Demo)
P244,Shahbaz Ahmed,2020,Royal Challengers Bengaluru,1.0,1.0,1.0,100.0,2,7.33,11.91,1.0,14.0,Sold (Demo)
P244,Shahbaz Ahmed,2021,Royal Challengers Bengaluru,7.0,59.0,8.43,111.3,7,6.57,14.0,1.0,14.0,Sold (Demo)
P244,Shahbaz Ahmed,2022,Royal Challengers Bengaluru,11.0,219.0,27.38,121.0,4,9.6,14.0,1.0,14.0,Sold (Demo)
P244,Shahbaz Ahmed,2023,Royal Challengers Bengaluru,6.0,42.0,10.5,107.7,1,13.57,14.0,1.0,14.0,Sold (Demo)
P244,Shahbaz Ahmed,2024,Sunrisers Hyderabad,12.0,215.0,21.5,129.5,7,9.82,14.0,1.0,14.0,Sold (Demo)
P244,Shahbaz Ahmed,2025,Lucknow Super Giants,1.0,9.0,9.0,112.5,1,12.0,14.0,1.0,2.4,Sold (Verified)
P245,Shahbaz Nadeem,2020,Sunrisers Hyderabad,2.0,7.0,7.0,87.5,5,8.09,2.84,0.5,3.25,Sold (Demo)
P245,Shahbaz Nadeem,2021,Sunrisers Hyderabad,1.0,0.0,0.0,0.0,1,9.0,3.25,0.5,3.25,Sold (Demo)
P246,Shakib Al Hasan,2021,Kolkata Knight Riders,6.0,47.0,9.4,97.9,4,7.19,4.85,0.5,5.75,Sold (Demo)
P247,Shardul Thakur,2020,Chennai Super Kings,2.0,12.0,12.0,57.1,10,8.51,10.19,2.0,15.0,Sold (Demo)
P247,Shardul Thakur,2021,Chennai Super Kings,4.0,5.0,2.5,100.0,21,8.81,15.0,2.0,15.0,Sold (Demo)
P247,Shardul Thakur,2022,Delhi Capitals,10.0,120.0,15.0,137.9,15,9.79,15.0,2.0,15.0,Sold (Demo)
P247,Shardul Thakur,2023,Kolkata Knight Riders,9.0,113.0,14.12,161.4,7,10.48,15.0,2.0,15.0,Sold (Demo)
P247,Shardul Thakur,2024,Chennai Super Kings,3.0,21.0,21.0,123.5,5,9.76,15.0,2.0,15.0,Sold (Demo)
P247,Shardul Thakur,2025,Lucknow Super Giants,5.0,18.0,6.0,150.0,13,11.03,15.0,2.0,15.0,Sold (Demo)
P248,Shashank Singh,2022,Sunrisers Hyderabad,5.0,69.0,13.8,146.8,0,10.0,7.46,1.0,9.0,Sold (Demo)
P248,Shashank Singh,2024,Punjab Kings,14.0,354.0,44.25,164.7,1,5.0,9.0,1.0,9.0,Sold (Demo)
P248,Shashank Singh,2025,Punjab Kings,14.0,350.0,50.0,153.5,0,13.5,9.0,1.0,9.0,Sold (Demo)
P249,Sheldon Cottrell,2020,Punjab Kings,1.0,0.0,0.0,0.0,6,8.8,0.82,0.3,1.0,Sold (Demo)
P250,Sherfane Rutherford,2022,Royal Challengers Bengaluru,2.0,33.0,16.5,66.0,0,,4.54,0.5,5.5,Sold (Demo)
P250,Sherfane Rutherford,2025,Gujarat Titans,11.0,291.0,32.33,157.3,0,,5.5,1.5,2.6,Sold (Verified)
P251,Shikhar Dhawan,2020,Delhi Capitals,17.0,618.0,41.2,144.7,0,,9.08,1.0,10.5,Sold (Demo)
P251,Shikhar Dhawan,2021,Delhi Capitals,16.0,587.0,39.13,124.6,0,,10.5,1.0,10.5,Sold (Demo)
P251,Shikhar Dhawan,2022,Punjab Kings,14.0,460.0,35.38,122.7,0,,10.5,1.0,10.5,Sold (Demo)
P251,Shikhar Dhawan,2023,Punjab Kings,11.0,373.0,41.44,142.9,0,,10.5,1.0,10.5,Sold (Demo)
P251,Shikhar Dhawan,2024,Punjab Kings,5.0,152.0,30.4,125.6,0,,10.5,1.0,10.5,Sold (Demo)
P252,Shimron Hetmeyer,2020,Delhi Capitals,11.0,185.0,23.12,148.0,0,,8.46,1.0,10.25,Sold (Demo)
P252,Shimron Hetmeyer,2021,Delhi Capitals,12.0,242.0,34.57,168.1,0,,10.25,1.0,10.25,Sold (Demo)
P252,Shimron Hetmeyer,2022,Rajasthan Royals,15.0,314.0,44.86,153.9,0,,10.25,1.0,10.25,Sold (Demo)
P252,Shimron Hetmeyer,2023,Rajasthan Royals,13.0,299.0,33.22,151.8,0,,10.25,1.0,10.25,Sold (Demo)
P252,Shimron Hetmeyer,2024,Rajasthan Royals,9.0,113.0,22.6,163.8,0,,10.25,1.0,10.25,Sold (Demo)
P252,Shimron Hetmeyer,2025,Rajasthan Royals,13.0,239.0,19.92,145.7,0,,10.25,1.0,10.25,Sold (Demo)
P253,Shivam Dube,2020,Royal Challengers Bengaluru,9.0,129.0,18.43,122.9,4,8.11,9.68,1.0,13.5,Sold (Demo)
P253,Shivam Dube,2021,Rajasthan Royals,9.0,230.0,28.75,119.2,0,9.8,13.5,1.0,13.5,Sold (Demo)
P253,Shivam Dube,2022,Chennai Super Kings,11.0,289.0,28.9,156.2,0,18.0,13.5,1.0,13.5,Sold (Demo)
P253,Shivam Dube,2023,Chennai Super Kings,14.0,418.0,38.0,158.3,0,,13.5,1.0,13.5,Sold (Demo)
P253,Shivam Dube,2024,Chennai Super Kings,14.0,396.0,36.0,162.3,1,14.0,13.5,1.0,13.5,Sold (Demo)
P253,Shivam Dube,2025,Chennai Super Kings,14.0,357.0,32.45,132.2,0,16.5,13.5,1.0,13.5,Sold (Demo)
P254,Shivam Mavi,2020,Kolkata Knight Riders,3.0,10.0,5.0,71.4,9,8.15,6.9,1.0,8.25,Sold (Demo)
P254,Shivam Mavi,2021,Kolkata Knight Riders,2.0,25.0,12.5,125.0,11,7.24,8.25,1.0,8.25,Sold (Demo)
P254,Shivam Mavi,2022,Kolkata Knight Riders,3.0,3.0,1.0,42.9,5,10.32,8.25,1.0,8.25,Sold (Demo)
P255,Shreyas Iyer,2020,Delhi Capitals,17.0,519.0,32.44,123.3,0,,8.07,1.0,11.5,Sold (Demo)
P255,Shreyas Iyer,2021,Delhi Capitals,8.0,175.0,29.17,102.3,0,,11.5,1.0,11.5,Sold (Demo)
P255,Shreyas Iyer,2022,Kolkata Knight Riders,14.0,401.0,30.85,134.6,0,7.0,11.5,1.0,11.5,Sold (Demo)
P255,Shreyas Iyer,2024,Kolkata Knight Riders,14.0,351.0,39.0,146.9,0,,11.5,1.0,11.5,Sold (Demo)
P255,Shreyas Iyer,2025,Punjab Kings,17.0,604.0,46.46,175.1,0,,11.5,2.0,26.75,Sold (Verified)
P256,Shubham Dubey,2024,Rajasthan Royals,3.0,33.0,16.5,173.7,0,,4.71,0.5,5.75,Sold (Demo)
P256,Shubham Dubey,2025,Rajasthan Royals,8.0,106.0,21.2,160.6,0,,5.75,0.3,0.8,Sold (Verified)
P257,Shubman Gill,2020,Kolkata Knight Riders,14.0,440.0,33.85,118.0,0,,7.75,1.0,11.75,Sold (Demo)
P257,Shubman Gill,2021,Kolkata Knight Riders,17.0,478.0,28.12,118.9,0,,11.75,1.0,11.75,Sold (Demo)
P257,Shubman Gill,2022,Gujarat Titans,16.0,483.0,34.5,132.3,0,,11.75,1.0,11.75,Sold (Demo)
P257,Shubman Gill,2023,Gujarat Titans,17.0,890.0,59.33,157.8,0,,11.75,1.0,11.75,Sold (Demo)
P257,Shubman Gill,2024,Gujarat Titans,12.0,426.0,38.73,147.4,0,,11.75,1.0,11.75,Sold (Demo)
P257,Shubman Gill,2025,Gujarat Titans,15.0,650.0,50.0,155.9,0,,11.75,1.0,11.75,Sold (Demo)
P258,Siddharth Kaul,2020,Sunrisers Hyderabad,,,,,2,16.0,3.51,0.5,4.75,Sold (Demo)
P258,Siddharth Kaul,2021,Sunrisers Hyderabad,2.0,8.0,8.0,100.0,7,8.23,4.75,0.5,4.75,Sold (Demo)
P258,Siddharth Kaul,2022,Royal Challengers Bengaluru,,,,,0,10.75,4.75,0.5,4.75,Sold (Demo)
P259,Sikandar Raza,2023,Punjab Kings,7.0,139.0,23.17,141.8,3,9.92,6.56,0.5,7.5,Sold (Demo)
P259,Sikandar Raza,2024,Punjab Kings,2.0,43.0,21.5,113.2,0,11.0,7.5,0.5,7.5,Sold (Demo)
P260,Simarjeet Singh,2022,Chennai Super Kings,3.0,7.0,7.0,87.5,4,7.67,3.78,0.5,5.5,Sold (Demo)
P260,Simarjeet Singh,2024,Chennai Super Kings,,,,,5,10.08,5.5,0.5,5.5,Sold (Demo)
P260,Simarjeet Singh,2025,Sunrisers Hyderabad,3.0,3.0,1.5,42.9,2,14.1,5.5,0.3,1.5,Sold (Verified)
P261,Steven Smith,2020,Rajasthan Royals,14.0,311.0,23.92,131.2,0,,4.89,0.5,6.75,Sold (Demo)
P261,Steven Smith,2021,Delhi Capitals,7.0,152.0,25.33,112.6,0,,6.75,0.5,6.75,Sold (Demo)
P262,Suchith J,2021,Sunrisers Hyderabad,1.0,14.0,14.0,233.3,0,9.43,4.61,0.5,5.25,Sold (Demo)
P262,Suchith J,2022,Sunrisers Hyderabad,2.0,2.0,1.0,25.0,7,7.78,5.25,0.5,5.25,Sold (Demo)
P263,Sumit Kumar,2024,Delhi Capitals,3.0,18.0,9.0,75.0,0,11.4,2.68,0.5,3.0,Sold (Demo)
P264,Sunil Narine,2020,Kolkata Knight Riders,9.0,121.0,13.44,142.4,5,7.95,13.57,2.0,16.75,Sold (Demo)
P264,Sunil Narine,2021,Kolkata Knight Riders,10.0,62.0,7.75,131.9,16,6.45,16.75,2.0,16.75,Sold (Demo)
P264,Sunil Narine,2022,Kolkata Knight Riders,9.0,71.0,10.14,177.5,9,5.57,16.75,2.0,16.75,Sold (Demo)
P264,Sunil Narine,2023,Kolkata Knight Riders,10.0,21.0,3.0,84.0,11,7.98,16.75,2.0,16.75,Sold (Demo)
P264,Sunil Narine,2024,Kolkata Knight Riders,14.0,488.0,34.86,180.7,17,6.69,16.75,2.0,16.75,Sold (Demo)
P264,Sunil Narine,2025,Kolkata Knight Riders,12.0,246.0,22.36,170.8,12,7.8,16.75,2.0,16.75,Sold (Demo)
P265,Suyash S Prabhudessai,2022,Royal Challengers Bengaluru,5.0,67.0,13.4,113.6,0,,3.23,0.5,4.75,Sold (Demo)
P265,Suyash S Prabhudessai,2023,Royal Challengers Bengaluru,4.0,35.0,8.75,120.7,0,,4.75,0.5,4.75,Sold (Demo)
P265,Suyash S Prabhudessai,2024,Royal Challengers Bengaluru,1.0,24.0,24.0,133.3,0,,4.75,0.5,4.75,Sold (Demo)
P266,Suyash Sharma,2023,Kolkata Knight Riders,,,,,10,8.23,2.77,0.5,3.75,Sold (Demo)
P266,Suyash Sharma,2024,Kolkata Knight Riders,,,,,0,12.75,3.75,0.5,3.75,Sold (Demo)
P266,Suyash Sharma,2025,Royal Challengers Bengaluru,,,,,8,8.84,3.75,0.3,2.6,Sold (Verified)
P267,Swapnil K Singh,2023,Lucknow Super Giants,1.0,2.0,2.0,50.0,0,9.0,4.75,0.5,7.0,Sold (Demo)
P267,Swapnil K Singh,2024,Royal Challengers Bengaluru,5.0,37.0,18.5,176.2,6,8.87,7.0,0.5,7.0,Sold (Demo)
P268,Thangarasu Natarajan,2020,Sunrisers Hyderabad,2.0,3.0,3.0,60.0,16,8.02,5.73,0.5,7.0,Sold (Demo)
P268,Thangarasu Natarajan,2021,Sunrisers Hyderabad,,,,,2,8.62,7.0,0.5,7.0,Sold (Demo)
P268,Thangarasu Natarajan,2022,Sunrisers Hyderabad,,,,,18,9.44,7.0,0.5,7.0,Sold (Demo)
P268,Thangarasu Natarajan,2023,Sunrisers Hyderabad,,,,,10,9.11,7.0,0.5,7.0,Sold (Demo)
P268,Thangarasu Natarajan,2024,Sunrisers Hyderabad,,,,,19,9.06,7.0,0.5,7.0,Sold (Demo)
P268,Thangarasu Natarajan,2025,Delhi Capitals,,,,,1,12.72,7.0,0.5,7.0,Sold (Demo)
P269,Tilak Varma,2022,Mumbai Indians,14.0,397.0,36.09,131.0,0,6.5,6.44,1.0,9.5,Sold (Demo)
P269,Tilak Varma,2023,Mumbai Indians,11.0,343.0,42.88,164.1,0,7.0,9.5,1.0,9.5,Sold (Demo)
P269,Tilak Varma,2024,Mumbai Indians,13.0,416.0,37.82,149.6,0,12.0,9.5,1.0,9.5,Sold (Demo)
P269,Tilak Varma,2025,Mumbai Indians,13.0,343.0,34.3,138.3,0,,9.5,1.0,9.5,Sold (Demo)
P270,Tim David,2021,Royal Challengers Bengaluru,1.0,1.0,1.0,33.3,0,,6.72,1.0,8.75,Sold (Demo)
P270,Tim David,2022,Mumbai Indians,8.0,186.0,31.0,216.3,0,,8.75,1.0,8.75,Sold (Demo)
P270,Tim David,2023,Mumbai Indians,15.0,231.0,25.67,158.2,0,,8.75,1.0,8.75,Sold (Demo)
P270,Tim David,2024,Mumbai Indians,11.0,241.0,30.12,158.6,0,,8.75,1.0,8.75,Sold (Demo)
P270,Tim David,2025,Royal Challengers Bengaluru,9.0,187.0,62.33,185.1,0,,8.75,2.0,3.0,Sold (Verified)
P271,Tim Southee,2021,Kolkata Knight Riders,1.0,3.0,3.0,60.0,3,7.92,4.36,0.5,5.5,Sold (Demo)
P271,Tim Southee,2022,Kolkata Knight Riders,5.0,2.0,0.5,16.7,14,7.86,5.5,0.5,5.5,Sold (Demo)
P271,Tim Southee,2023,Kolkata Knight Riders,,,,,2,13.17,5.5,0.5,5.5,Sold (Demo)
P272,TL Seifert,2021,Kolkata Knight Riders,1.0,2.0,2.0,50.0,0,,2.13,0.5,3.0,Sold (Demo)
P272,TL Seifert,2022,Delhi Capitals,2.0,24.0,12.0,126.3,0,,3.0,0.5,3.0,Sold (Demo)
P273,Tom Curran,2020,Rajasthan Royals,4.0,83.0,83.0,133.9,3,11.45,5.44,1.0,8.0,Sold (Demo)
P273,Tom Curran,2021,Delhi Capitals,2.0,21.0,21.0,123.5,4,9.18,8.0,1.0,8.0,Sold (Demo)
P274,Travis Head,2024,Sunrisers Hyderabad,15.0,567.0,40.5,191.6,0,19.2,4.77,0.5,7.25,Sold (Demo)
P274,Travis Head,2025,Sunrisers Hyderabad,12.0,374.0,31.17,162.6,0,,7.25,0.5,7.25,Sold (Demo)
P275,Trent Boult,2020,Mumbai Indians,1.0,0.0,0.0,0.0,25,7.97,8.79,1.0,12.75,Sold (Demo)
P275,Trent Boult,2021,Mumbai Indians,2.0,1.0,1.0,25.0,13,7.91,12.75,1.0,12.75,Sold (Demo)
P275,Trent Boult,2022,Rajasthan Royals,7.0,40.0,20.0,137.9,16,7.94,12.75,1.0,12.75,Sold (Demo)
P275,Trent Boult,2023,Rajasthan Royals,3.0,16.0,16.0,114.3,13,8.21,12.75,1.0,12.75,Sold (Demo)
P275,Trent Boult,2024,Rajasthan Royals,4.0,14.0,7.0,87.5,16,8.31,12.75,1.0,12.75,Sold (Demo)
P275,Trent Boult,2025,Mumbai Indians,2.0,2.0,2.0,66.7,22,8.97,12.75,2.0,12.5,Sold (Verified)
P276,Tristan Stubbs,2022,Mumbai Indians,2.0,2.0,1.0,50.0,0,,8.92,1.0,11.25,Sold (Demo)
P276,Tristan Stubbs,2023,Mumbai Indians,2.0,25.0,12.5,80.6,1,7.0,11.25,1.0,11.25,Sold (Demo)
P276,Tristan Stubbs,2024,Delhi Capitals,13.0,378.0,47.25,190.9,3,7.5,11.25,1.0,11.25,Sold (Demo)
P276,Tristan Stubbs,2025,Delhi Capitals,13.0,300.0,37.5,150.8,0,20.0,11.25,1.0,11.25,Sold (Demo)
P277,Tushar U Deshpande,2020,Delhi Capitals,2.0,21.0,21.0,175.0,3,11.29,7.59,1.0,9.25,Sold (Demo)
P277,Tushar U Deshpande,2022,Chennai Super Kings,,,,,1,9.0,9.25,1.0,9.25,Sold (Demo)
P277,Tushar U Deshpande,2023,Chennai Super Kings,1.0,0.0,,0.0,21,9.92,9.25,1.0,9.25,Sold (Demo)
P277,Tushar U Deshpande,2024,Chennai Super Kings,1.0,0.0,,0.0,17,8.83,9.25,1.0,9.25,Sold (Demo)
P277,Tushar U Deshpande,2025,Rajasthan Royals,4.0,7.0,3.5,87.5,9,10.62,9.25,1.0,9.25,Sold (Demo)
P278,Tymal Mills,2022,Mumbai Indians,2.0,0.0,0.0,0.0,6,11.18,0.97,0.3,1.25,Sold (Demo)
P279,Umesh Yadav,2020,Royal Challengers Bengaluru,1.0,0.0,0.0,0.0,0,11.86,7.55,1.0,9.0,Sold (Demo)
P279,Umesh Yadav,2022,Kolkata Knight Riders,7.0,55.0,13.75,137.5,16,7.06,9.0,1.0,9.0,Sold (Demo)
P279,Umesh Yadav,2023,Kolkata Knight Riders,5.0,19.0,9.5,105.6,1,9.95,9.0,1.0,9.0,Sold (Demo)
P279,Umesh Yadav,2024,Gujarat Titans,2.0,12.0,12.0,80.0,8,10.0,9.0,1.0,9.0,Sold (Demo)
P280,Umran Malik,2021,Sunrisers Hyderabad,,,,,2,8.0,5.9,1.0,8.25,Sold (Demo)
P280,Umran Malik,2022,Sunrisers Hyderabad,4.0,4.0,4.0,50.0,22,9.03,8.25,1.0,8.25,Sold (Demo)
P280,Umran Malik,2023,Sunrisers Hyderabad,1.0,19.0,19.0,237.5,5,10.85,8.25,1.0,8.25,Sold (Demo)
P280,Umran Malik,2024,Sunrisers Hyderabad,,,,,0,15.0,8.25,1.0,8.25,Sold (Demo)
P281,V Chakravarthy,2020,Kolkata Knight Riders,3.0,10.0,5.0,66.7,17,6.85,7.18,1.0,10.75,Sold (Demo)
P281,V Chakravarthy,2021,Kolkata Knight Riders,2.0,2.0,2.0,50.0,18,6.59,10.75,1.0,10.75,Sold (Demo)
P281,V Chakravarthy,2022,Kolkata Knight Riders,3.0,12.0,12.0,66.7,6,8.51,10.75,1.0,10.75,Sold (Demo)
P281,V Chakravarthy,2023,Kolkata Knight Riders,2.0,1.0,1.0,11.1,20,8.15,10.75,1.0,10.75,Sold (Demo)
P281,V Chakravarthy,2024,Kolkata Knight Riders,,,,,21,8.04,10.75,1.0,10.75,Sold (Demo)
P281,V Chakravarthy,2025,Kolkata Knight Riders,1.0,1.0,1.0,100.0,17,7.66,10.75,1.0,10.75,Sold (Demo)
P282,V Nigam,2025,Delhi Capitals,8.0,142.0,20.29,179.7,11,9.13,7.29,1.0,9.0,Sold (Demo)
P283,V Viyaskanth,2024,Sunrisers Hyderabad,1.0,7.0,7.0,140.0,1,8.6,1.91,0.3,2.75,Sold (Demo)
P284,Vaibhav G Arora,2022,Punjab Kings,4.0,5.0,1.67,38.5,3,9.2,6.12,1.0,8.0,Sold (Demo)
P284,Vaibhav G Arora,2023,Kolkata Knight Riders,2.0,3.0,3.0,150.0,5,9.12,8.0,1.0,8.0,Sold (Demo)
P284,Vaibhav G Arora,2024,Kolkata Knight Riders,1.0,1.0,1.0,100.0,11,9.2,8.0,1.0,8.0,Sold (Demo)
P284,Vaibhav G Arora,2025,Kolkata Knight Riders,2.0,0.0,0.0,0.0,17,10.12,8.0,1.0,8.0,Sold (Demo)
P285,Varun Aaron,2020,Rajasthan Royals,2.0,1.0,1.0,10.0,0,11.75,0.89,0.3,1.25,Sold (Demo)
P285,Varun Aaron,2022,Gujarat Titans,,,,,2,10.4,1.25,0.3,1.25,Sold (Demo)
P286,Venkatesh Iyer,2021,Kolkata Knight Riders,10.0,370.0,41.11,128.5,3,8.12,9.79,1.0,11.75,Sold (Demo)
P286,Venkatesh Iyer,2022,Kolkata Knight Riders,12.0,182.0,16.55,107.7,0,11.5,11.75,1.0,11.75,Sold (Demo)
P286,Venkatesh Iyer,2023,Kolkata Knight Riders,14.0,404.0,28.86,145.8,0,,11.75,1.0,11.75,Sold (Demo)
P286,Venkatesh Iyer,2024,Kolkata Knight Riders,13.0,370.0,46.25,158.8,0,28.0,11.75,1.0,11.75,Sold (Demo)
P286,Venkatesh Iyer,2025,Kolkata Knight Riders,7.0,142.0,20.29,139.2,0,,11.75,2.0,23.75,Sold (Verified)
P287,Vijay Shankar,2020,Sunrisers Hyderabad,5.0,97.0,24.25,101.0,4,6.23,10.19,1.0,12.75,Sold (Demo)
P287,Vijay Shankar,2021,Sunrisers Hyderabad,5.0,58.0,11.6,111.5,3,9.09,12.75,1.0,12.75,Sold (Demo)
P287,Vijay Shankar,2022,Gujarat Titans,4.0,19.0,4.75,54.3,0,10.0,12.75,1.0,12.75,Sold (Demo)
P287,Vijay Shankar,2023,Gujarat Titans,10.0,301.0,37.62,160.1,0,,12.75,1.0,12.75,Sold (Demo)
P287,Vijay Shankar,2024,Gujarat Titans,7.0,83.0,16.6,115.3,0,,12.75,1.0,12.75,Sold (Demo)
P287,Vijay Shankar,2025,Chennai Super Kings,5.0,118.0,39.33,129.7,0,,12.75,0.3,1.2,Sold (Verified)
P288,Vijaykumar Vyshak,2023,Royal Challengers Bengaluru,2.0,13.0,13.0,144.4,9,10.54,5.0,0.5,6.25,Sold (Demo)
P288,Vijaykumar Vyshak,2024,Royal Challengers Bengaluru,2.0,1.0,1.0,33.3,4,9.79,6.25,0.5,6.25,Sold (Demo)
P288,Vijaykumar Vyshak,2025,Punjab Kings,,,,,4,10.65,6.25,0.3,1.8,Sold (Verified)
P289,Virat Kohli,2020,Royal Challengers Bengaluru,15.0,466.0,42.36,121.4,0,,8.64,1.0,11.5,Sold (Demo)
P289,Virat Kohli,2021,Royal Challengers Bengaluru,15.0,405.0,28.93,119.5,0,,11.5,1.0,11.5,Sold (Demo)
P289,Virat Kohli,2022,Royal Challengers Bengaluru,16.0,341.0,22.73,116.0,0,,11.5,1.0,11.5,Sold (Demo)
P289,Virat Kohli,2023,Royal Challengers Bengaluru,14.0,639.0,53.25,139.8,0,,11.5,1.0,11.5,Sold (Demo)
P289,Virat Kohli,2024,Royal Challengers Bengaluru,15.0,741.0,57.0,154.7,0,,11.5,1.0,11.5,Sold (Demo)
P289,Virat Kohli,2025,Royal Challengers Bengaluru,15.0,657.0,54.75,144.7,0,,11.5,1.0,11.5,Sold (Demo)
P290,Vivrant Sharma,2023,Sunrisers Hyderabad,1.0,69.0,69.0,146.8,0,12.33,3.65,0.5,4.25,Sold (Demo)
P291,Wanindu Hasaranga,2021,Royal Challengers Bengaluru,2.0,1.0,1.0,50.0,0,10.0,9.33,1.0,11.0,Sold (Demo)
P291,Wanindu Hasaranga,2022,Royal Challengers Bengaluru,7.0,38.0,5.43,88.4,26,7.54,11.0,1.0,11.0,Sold (Demo)
P291,Wanindu Hasaranga,2023,Royal Challengers Bengaluru,5.0,33.0,11.0,117.9,9,8.9,11.0,1.0,11.0,Sold (Demo)
P291,Wanindu Hasaranga,2025,Rajasthan Royals,5.0,9.0,1.8,60.0,11,9.05,11.0,2.0,5.25,Sold (Verified)
P292,Wayne Parnell,2023,Royal Challengers Bengaluru,1.0,2.0,2.0,40.0,9,9.38,1.73,0.3,2.5,Sold (Demo)
P293,Will Jacks,2024,Royal Challengers Bengaluru,8.0,230.0,32.86,175.6,2,11.11,6.9,1.0,10.25,Sold (Demo)
P293,Will Jacks,2025,Mumbai Indians,11.0,233.0,23.3,135.5,6,8.57,10.25,2.0,5.25,Sold (Verified)
P294,Wriddhiman Saha,2020,Sunrisers Hyderabad,4.0,214.0,71.33,139.9,0,,5.96,1.0,9.0,Sold (Demo)
P294,Wriddhiman Saha,2021,Sunrisers Hyderabad,9.0,131.0,14.56,93.6,0,,9.0,1.0,9.0,Sold (Demo)
P294,Wriddhiman Saha,2022,Gujarat Titans,11.0,317.0,31.7,122.4,0,,9.0,1.0,9.0,Sold (Demo)
P294,Wriddhiman Saha,2023,Gujarat Titans,17.0,371.0,23.19,129.3,0,,9.0,1.0,9.0,Sold (Demo)
P294,Wriddhiman Saha,2024,Gujarat Titans,9.0,136.0,15.11,118.3,0,,9.0,1.0,9.0,Sold (Demo)
P295,Xavier Bartlett,2025,Punjab Kings,1.0,11.0,11.0,73.3,2,9.6,0.62,0.75,0.8,Sold (Verified)
P296,Yash Dayal,2022,Gujarat Titans,1.0,0.0,0.0,0.0,11,9.25,4.35,0.5,5.25,Sold (Demo)
P296,Yash Dayal,2023,Gujarat Titans,,,,,2,11.79,5.25,0.5,5.25,Sold (Demo)
P296,Yash Dayal,2024,Royal Challengers Bengaluru,,,,,15,9.15,5.25,0.5,5.25,Sold (Demo)
P296,Yash Dayal,2025,Royal Challengers Bengaluru,3.0,4.0,2.0,50.0,13,9.59,5.25,0.5,5.25,Sold (Demo)
P297,Yash Thakur,2023,Lucknow Super Giants,,,,,13,9.08,3.2,0.5,3.75,Sold (Demo)
P297,Yash Thakur,2024,Lucknow Super Giants,,,,,11,11.32,3.75,0.5,3.75,Sold (Demo)
P297,Yash Thakur,2025,Punjab Kings,,,,,1,12.15,3.75,0.3,1.6,Sold (Verified)
P298,Yashasvi Bhupendra Jaiswal,2020,Rajasthan Royals,3.0,40.0,13.33,90.9,0,,8.18,1.0,9.5,Sold (Demo)
P298,Yashasvi Bhupendra Jaiswal,2021,Rajasthan Royals,10.0,249.0,24.9,148.2,0,,9.5,1.0,9.5,Sold (Demo)
P298,Yashasvi Bhupendra Jaiswal,2022,Rajasthan Royals,10.0,258.0,25.8,133.0,0,36.0,9.5,1.0,9.5,Sold (Demo)
P298,Yashasvi Bhupendra Jaiswal,2023,Rajasthan Royals,14.0,625.0,44.64,163.6,0,,9.5,1.0,9.5,Sold (Demo)
P298,Yashasvi Bhupendra Jaiswal,2024,Rajasthan Royals,15.0,435.0,31.07,155.9,0,,9.5,1.0,9.5,Sold (Demo)
P298,Yashasvi Bhupendra Jaiswal,2025,Rajasthan Royals,14.0,559.0,43.0,159.7,0,,9.5,1.0,9.5,Sold (Demo)
P299,Yudhvir Singh,2023,Lucknow Super Giants,2.0,1.0,0.5,50.0,3,8.75,4.86,0.5,6.25,Sold (Demo)
P299,Yudhvir Singh,2024,Lucknow Super Giants,2.0,21.0,10.5,150.0,1,13.0,6.25,0.5,6.25,Sold (Demo)
P299,Yudhvir Singh,2025,Rajasthan Royals,,,,,4,11.91,6.25,0.5,6.25,Sold (Demo)
P300,Yuzvendra Chahal,2020,Royal Challengers Bengaluru,1.0,1.0,1.0,33.3,21,7.08,6.02,1.0,9.25,Sold (Demo)
P300,Yuzvendra Chahal,2021,Royal Challengers Bengaluru,2.0,10.0,10.0,37.0,18,7.06,9.25,1.0,9.25,Sold (Demo)
P300,Yuzvendra Chahal,2022,Rajasthan Royals,1.0,5.0,5.0,62.5,27,7.75,9.25,1.0,9.25,Sold (Demo)
P300,Yuzvendra Chahal,2023,Rajasthan Royals,,,,,21,8.18,9.25,1.0,9.25,Sold (Demo)
P300,Yuzvendra Chahal,2024,Rajasthan Royals,,,,,18,9.41,9.25,1.0,9.25,Sold (Demo)
P300,Yuzvendra Chahal,2025,Punjab Kings,,,,,16,9.56,9.25,2.0,18.0,Sold (Verified)
