Player_ID,Season,Team,Pred_full,Pred_perf
P001,2024,Mumbai Indians,5.657985984385982,5.03612071308321
P001,2025,Chennai Super Kings,6.406155844155846,5.796140366577868
P002,2024,Kolkata Knight Riders,6.08800596856847,6.608575727513227
P002,2025,Kolkata Knight Riders,7.216611225348726,7.52446587902838
P003,2020,Chennai Super Kings,9.968496804121797,10.637267584267589
P003,2021,Chennai Super Kings,9.270587465774971,10.315487433862433
P003,2022,Chennai Super Kings,10.092522019647024,10.343740393865389
P003,2023,Chennai Super Kings,9.851398883523887,10.522995851370856
P004,2020,Royal Challengers Bengaluru,7.24933561808562,6.981640903078402
P004,2022,Kolkata Knight Riders,6.403407347282347,6.288864135864139
P005,2020,Delhi Capitals,10.545543706756199,9.047371089558583
P005,2021,Delhi Capitals,10.902186641136648,10.175748821548813
P005,2022,Lucknow Super Giants,11.97102546157546,11.16153904521405
P005,2023,Lucknow Super Giants,10.926065463240468,9.995823139823147
P005,2024,Rajasthan Royals,11.75653796157546,11.08047147667147
P005,2025,Lucknow Super Giants,12.313996625596625,10.725010275372775
P006,2020,Royal Challengers Bengaluru,6.939161994949492,7.1446487008361945
P006,2021,Royal Challengers Bengaluru,7.645722222222221,7.1362723780848745
P007,2020,Sunrisers Hyderabad,9.008470726033224,11.501279846079852
P007,2021,Sunrisers Hyderabad,11.642781204906209,12.292027738465238
P007,2022,Sunrisers Hyderabad,11.355625405612907,10.345451328763822
P007,2023,Sunrisers Hyderabad,11.025459662097164,10.9824571100196
P007,2024,Sunrisers Hyderabad,10.974927763440261,9.41197129028379
P007,2025,Lucknow Super Giants,3.53994288304288,1.561878988603989
P008,2022,Gujarat Titans,6.400941308691309,6.530778987216486
P008,2023,Gujarat Titans,6.495070226532724,6.261481328856331
P008,2024,Gujarat Titans,6.352386258648755,5.768963457838461
P008,2025,Sunrisers Hyderabad,3.05760027241277,1.5157307632182628
P009,2020,Sunrisers Hyderabad,12.159404395141891,11.512373286435784
P009,2021,Sunrisers Hyderabad,14.591685696248206,12.33877093739594
P009,2022,Sunrisers Hyderabad,13.875550829725835,10.982089146964144
P009,2023,Sunrisers Hyderabad,14.48055176767677,10.984738879176382
P009,2024,Sunrisers Hyderabad,14.192063648388654,11.433057629870133
P009,2025,Sunrisers Hyderabad,13.8741176948052,10.469677068302063
P010,2023,Delhi Capitals,9.230401815776816,11.208921236171236
P010,2024,Delhi Capitals,9.268686339123839,10.068885861360855
P010,2025,Delhi Capitals,9.154755441317944,10.365131403318898
P011,2021,Mumbai Indians,3.959277447089948,5.3053674381174405
P011,2022,Chennai Super Kings,3.8312821877196885,5.9609527902652895
P012,2020,Royal Challengers Bengaluru,5.299119678932178,5.936705687830687
P012,2023,Rajasthan Royals,5.968448623136127,5.4824369889369855
P012,2025,Sunrisers Hyderabad,6.482512367724871,6.6673824374699375
P013,2021,Punjab Kings,4.657508777333774,5.008393155455657
P013,2023,Sunrisers Hyderabad,5.657075351037852,5.07948118779369
P014,2021,Punjab Kings,9.659279657842156,9.93104171060421
P014,2022,Sunrisers Hyderabad,12.239522336459839,10.614147542272548
P014,2023,Sunrisers Hyderabad,12.396698274410786,10.836466917341914
P014,2024,Sunrisers Hyderabad,12.560138510101018,10.306163933288929
P014,2025,Lucknow Super Giants,13.870644826469816,16.031846793021785
P015,2020,Delhi Capitals,9.31757897426647,9.863183714433715
P015,2021,Delhi Capitals,10.392083784271282,9.800164226514225
P015,2022,Kolkata Knight Riders,10.194170093795092,9.992959769397283
P015,2023,Chennai Super Kings,10.007092273467272,10.003559941447438
P015,2024,Chennai Super Kings,10.339231932419434,10.4138760040885
P015,2025,Kolkata Knight Riders,7.61294320633071,5.594769370444368
P016,2022,Royal Challengers Bengaluru,8.971641564454067,9.27374217171717
P016,2023,Royal Challengers Bengaluru,8.546933321308327,8.383143888981383
P016,2024,Royal Challengers Bengaluru,8.22773169191919,9.34786535594035
P016,2025,Lucknow Super Giants,8.265860419672922,8.381410182872676
P017,2023,Mumbai Indians,5.256375781625782,5.4133705993081005
P017,2024,Mumbai Indians,5.5484376096126065,5.927891209716211
P017,2025,Rajasthan Royals,2.476308306970807,2.2455127284752265
P018,2021,Rajasthan Royals,3.363832096144593,5.175906415343914
P018,2023,Chennai Super Kings,3.523767336829838,4.8414375661375635
P018,2025,Lucknow Super Giants,3.5743195855070864,6.096118566618566
P019,2023,Sunrisers Hyderabad,2.2879258838383834,2.3075744089244066
P020,2022,Gujarat Titans,5.589288359788359,5.7268757515632505
P020,2023,Gujarat Titans,6.368191092132262,5.630601581289083
P020,2024,Royal Challengers Bengaluru,5.468279492729488,6.163563320938322
P021,2022,Kolkata Knight Riders,4.158192483442486,5.728140907703409
P021,2023,Delhi Capitals,5.602379879379878,6.606985389610386
P022,2020,Delhi Capitals,6.233625217837714,6.209554128741629
P022,2021,Delhi Capitals,7.206294642857142,6.462836647285177
P022,2023,Lucknow Super Giants,7.047115079365079,6.239814855052353
P022,2024,Lucknow Super Giants,7.203643849206349,4.5873145720020725
P023,2020,Kolkata Knight Riders,14.236443440355943,15.984252357827366
P023,2021,Kolkata Knight Riders,15.033699383024393,15.962193587839161
P023,2022,Kolkata Knight Riders,14.536005335405335,15.328153860028854
P023,2024,Sunrisers Hyderabad,16.039680497743003,17.169563561846637
P023,2025,Sunrisers Hyderabad,16.085766145891153,17.07377138642946
P024,2020,Kolkata Knight Riders,15.470447462722461,15.096381096218606
P024,2021,Kolkata Knight Riders,16.896399264624264,14.269799236874235
P024,2022,Kolkata Knight Riders,16.913758523883523,14.923478028915532
P024,2023,Kolkata Knight Riders,16.080246384633885,15.184342676305187
P024,2024,Kolkata Knight Riders,16.851244370444366,14.52399429829431
P024,2025,Kolkata Knight Riders,15.951329321141815,14.979871764809271
P025,2020,Rajasthan Royals,2.9976193121693133,4.6970673026048
P025,2022,Lucknow Super Giants,3.5490524359899367,5.191743813131314
P026,2020,Rajasthan Royals,2.9775740839770264,4.526241574629076
P027,2021,Mumbai Indians,5.226432985995487,5.627243314555814
P027,2022,Mumbai Indians,6.337527332852334,5.707509980759981
P027,2023,Sunrisers Hyderabad,6.432065446127946,6.554847883597884
P027,2024,Sunrisers Hyderabad,6.324067346079846,5.517267646705145
P028,2020,Delhi Capitals,10.822431938431938,10.898999086561584
P028,2021,Delhi Capitals,10.09745026362526,8.503640136715134
P028,2022,Delhi Capitals,11.895549271561762,10.140261708199214
P028,2023,Delhi Capitals,12.682900560088058,11.666360463610467
P028,2024,Delhi Capitals,12.16972814454064,9.676131029618533
P028,2025,Kolkata Knight Riders,10.067548369685866,5.499325974025976
P029,2021,Rajasthan Royals,6.713863455988457,5.338940957190958
P029,2022,Royal Challengers Bengaluru,7.511827952140452,6.181289405039409
P029,2023,Royal Challengers Bengaluru,7.504332912457913,6.179467046842053
P029,2024,Royal Challengers Bengaluru,7.513777356902356,6.289075991138492
P030,2022,Kolkata Knight Riders,5.82954167869168,4.920407208994713
P030,2023,Kolkata Knight Riders,6.221426082251085,5.911614339364337
P030,2024,Kolkata Knight Riders,5.174714225589228,4.504186727161729
P030,2025,Kolkata Knight Riders,6.226162728475229,4.7096018879268895
P031,2023,Mumbai Indians,3.70995967180967,5.620452591390089
P031,2024,Mumbai Indians,5.391802549302551,4.660955627705626
P032,2023,Mumbai Indians,8.196063284400786,10.568866396103902
P032,2024,Lucknow Super Giants,9.810623466810968,10.05082159368409
P032,2025,Gujarat Titans,4.067643927368928,1.7338585557960557
P033,2020,Punjab Kings,8.84349131886632,10.750826028138523
P033,2021,Punjab Kings,10.573926617364114,10.697233171920672
P033,2022,Punjab Kings,10.89247183140933,11.802237051374547
P033,2023,Punjab Kings,10.545015452140447,11.18482811170311
P033,2024,Punjab Kings,10.81833654401154,11.139373689273695
P033,2025,Punjab Kings,9.579376785714288,9.544065940540937
P034,2024,Punjab Kings,6.470004779942283,7.3326330336330345
P034,2025,Delhi Capitals,3.3397316276316262,1.5208021917896912
P035,2021,Chennai Super Kings,2.1237027828652812,2.1294854196729185
P035,2023,Rajasthan Royals,2.4627114589114587,1.916757399544898
P036,2023,Punjab Kings,5.7241400012025,6.917605515943754
P036,2024,Punjab Kings,6.179122660210161,6.402581906519404
P036,2025,Sunrisers Hyderabad,6.190067851130351,5.026837414899915
P037,2020,Delhi Capitals,10.208574202649206,15.913618103655603
P037,2021,Delhi Capitals,16.542107671957666,14.89214181929181
P037,2022,Delhi Capitals,16.61321525465276,16.353510170847663
P037,2023,Delhi Capitals,16.58567916342917,15.52705112341362
P037,2024,Delhi Capitals,16.579259520572027,15.823500095275088
P037,2025,Delhi Capitals,16.558384363321874,15.788634407259405
P038,2022,Lucknow Super Giants,9.054229763292266,11.211301120176117
P038,2023,Lucknow Super Giants,12.15937842712843,10.088072931697928
P038,2024,Lucknow Super Giants,11.931757046657047,11.138918026418025
P038,2025,Lucknow Super Giants,12.046252849927846,11.33506343795094
P039,2024,Gujarat Titans,8.350653996466496,11.632975422725421
P039,2025,Punjab Kings,6.28325895863396,6.380917747067744
P040,2022,Gujarat Titans,9.596384379509372,10.69274962074963
P040,2023,Gujarat Titans,10.406651098901097,10.081790554353065
P040,2024,Gujarat Titans,10.221481185481185,10.904738666426171
P040,2025,Gujarat Titans,10.393929718429716,11.43126484626485
P041,2020,Sunrisers Hyderabad,1.2451770622895622,1.8966102392977398
P041,2022,Mumbai Indians,1.882721071983572,2.1273482757982767
P042,2020,Rajasthan Royals,6.63592397186147,7.053165052540049
P042,2021,Rajasthan Royals,6.833389381914382,5.276435966810968
P042,2023,Chennai Super Kings,6.819114369889371,5.140495807433305
P043,2020,Sunrisers Hyderabad,10.016562213249713,10.372355954230953
P043,2021,Sunrisers Hyderabad,12.751660533910531,11.856857233044733
P043,2022,Sunrisers Hyderabad,12.57588314694565,11.010660744348247
P043,2023,Sunrisers Hyderabad,12.692732714045217,11.833681355681351
P043,2024,Sunrisers Hyderabad,12.601226521164024,10.757186137936136
P043,2025,Royal Challengers Bengaluru,12.156105832130844,13.529039931827432
P044,2023,Mumbai Indians,9.88136958874459,12.978160987160981
P044,2024,Royal Challengers Bengaluru,11.893255014430013,12.904333970658966
P045,2021,Rajasthan Royals,6.16012440799941,6.014977934102936
P045,2022,Delhi Capitals,7.154425805675802,6.321667869167865
P045,2023,Delhi Capitals,6.901212127224627,4.370873423798424
P045,2025,Kolkata Knight Riders,6.934948743386243,5.171918900543901
P046,2020,Punjab Kings,6.646525630388134,6.711367944555449
P046,2021,Punjab Kings,6.9264541731416704,7.262017984330482
P047,2020,Punjab Kings,8.70425814694565,11.316605218855214
P047,2021,Punjab Kings,9.662901274651277,10.51010480954231
P047,2022,Chennai Super Kings,9.520328385040893,10.04951712962962
P047,2023,Mumbai Indians,9.524133988696494,9.330508115958116
P048,2020,Royal Challengers Bengaluru,8.947458740333742,10.970009734247235
P048,2021,Rajasthan Royals,10.863368987493988,12.362855291005285
P049,2021,Delhi Capitals,5.148802762904737,5.875469944407445
P050,2025,Mumbai Indians,3.329654873829872,6.537000841750843
P051,2025,Chennai Super Kings,3.9629231301106285,5.031212250712248
P052,2022,Gujarat Titans,4.427163791763789,5.0974158369408356
P052,2023,Gujarat Titans,5.136615361952865,4.540258032708036
P052,2024,Gujarat Titans,5.754898800273803,5.283330047267547
P053,2020,Chennai Super Kings,8.869291116291125,10.159560421060421
P053,2021,Chennai Super Kings,10.321842287342287,10.739402300246043
P053,2023,Chennai Super Kings,10.339345489001735,10.725436361092601
P053,2024,Chennai Super Kings,10.30830445827321,9.102768157768164
P053,2025,Mumbai Indians,10.642063036500534,10.87232289099789
P054,2020,Royal Challengers Bengaluru,1.2503590363340353,1.6593212042587042
P055,2021,Royal Challengers Bengaluru,3.793368053243053,5.9836773088023065
P056,2020,Delhi Capitals,5.853570057720057,4.477251848151848
P056,2021,Royal Challengers Bengaluru,7.014683277370776,4.899643937543934
P056,2022,Mumbai Indians,6.927403703703703,5.797083945683942
P057,2022,Rajasthan Royals,6.200908461908463,5.990446544196544
P057,2024,Chennai Super Kings,6.854937920875424,7.485401966089471
P058,2021,Rajasthan Royals,9.745307350057349,10.54085470779221
P058,2022,Gujarat Titans,10.30137334656085,11.436228757353758
P058,2023,Gujarat Titans,10.286699404761903,10.822930946368446
P058,2024,Gujarat Titans,10.27771693121693,9.94689721620971
P058,2025,Lucknow Super Giants,7.235277122414622,5.027136369648874
P059,2020,Sunrisers Hyderabad,9.789454187016686,11.747428994616493
P059,2021,Sunrisers Hyderabad,9.971756530506529,10.614362306674805
P059,2022,Delhi Capitals,9.680431066618567,10.457190927128428
P059,2023,Delhi Capitals,10.07393725949976,11.37166856060606
P059,2024,Delhi Capitals,10.020360569985568,10.79174391811892
P060,2023,Kolkata Knight Riders,3.870222613035112,5.88503644503644
P061,2020,Punjab Kings,8.900680645743142,10.6609352998853
P061,2021,Punjab Kings,12.219727805527798,12.3174381012506
P061,2022,Lucknow Super Giants,11.730158086820587,12.453267406204898
P061,2023,Lucknow Super Giants,11.900831055056054,11.889651794964294
P061,2024,Lucknow Super Giants,12.031451869889365,11.108223517223525
P061,2025,Chennai Super Kings,12.033603225478226,11.304667667980171
P062,2020,Royal Challengers Bengaluru,10.863348954286458,11.149188156750647
P062,2021,Royal Challengers Bengaluru,10.703867664742665,10.991625809375806
P062,2022,Rajasthan Royals,11.002530152717657,10.768424963924963
P062,2023,Rajasthan Royals,10.705786976911979,10.101766127391118
P062,2024,Lucknow Super Giants,11.293726581289084,11.016500439375433
P062,2025,Royal Challengers Bengaluru,9.534205753968251,11.374906150793649
P063,2022,Chennai Super Kings,9.387215668590665,10.144046210733718
P063,2023,Chennai Super Kings,10.570011694324181,11.53218223443224
P063,2025,Chennai Super Kings,5.617545744995748,4.326015373977873
P064,2022,Mumbai Indians,8.501031845931845,11.452121704684204
P064,2024,Mumbai Indians,9.133102122414625,10.625092791467795
P064,2025,Chennai Super Kings,8.807308353683348,10.476667027417022
P065,2020,Mumbai Indians,1.9068482785732779,2.3195779452029455
P065,2021,Mumbai Indians,2.152880110630112,1.9024365985865996
P066,2023,Rajasthan Royals,6.891694131794132,6.750397937710439
P066,2024,Rajasthan Royals,7.657044552669551,6.9904419885669915
P066,2025,Rajasthan Royals,7.67041444203944,7.203869840807337
P067,2020,Kolkata Knight Riders,9.166079987142485,11.094146073833574
P067,2021,Kolkata Knight Riders,11.157534379509379,10.337388107263099
P067,2022,Royal Challengers Bengaluru,11.277724735449732,10.091495421245414
P067,2023,Royal Challengers Bengaluru,11.419978835978835,11.272895863395856
P067,2024,Royal Challengers Bengaluru,10.977903637566138,9.732740746753244
P068,2022,Royal Challengers Bengaluru,5.408775016650013,5.959362794612789
P068,2023,Royal Challengers Bengaluru,6.355681036556033,6.17469103581604
P069,2024,Rajasthan Royals,2.513703481240983,1.7029901089651083
P069,2025,Delhi Capitals,3.421049688737186,4.8679881692381715
P070,2025,Lucknow Super Giants,3.065426997076996,6.384015331890334
P071,2022,Lucknow Super Giants,8.62485801698302,12.404024320586817
P071,2024,Kolkata Knight Riders,8.152167954730457,9.54626692890443
P071,2025,Delhi Capitals,6.493116269841269,3.724436042198542
P072,2022,Chennai Super Kings,5.741470959595963,5.481436706811705
P072,2023,Chennai Super Kings,6.560883177008177,4.847655152717657
P073,2020,Chennai Super Kings,11.185448502886008,9.715681412568918
P073,2021,Chennai Super Kings,10.876714045214051,11.61183954425204
P073,2022,Chennai Super Kings,10.910672288359796,11.77596631840382
P074,2021,Rajasthan Royals,6.849751593314093,6.765638505013502
P074,2022,Lucknow Super Giants,6.352070004532507,6.646588039275537
P075,2020,Kolkata Knight Riders,7.1042971981722,7.314728535353536
P075,2021,Kolkata Knight Riders,7.5329929954304955,6.374867303992305
P076,2021,Punjab Kings,3.79246780904281,5.62334688251563
P076,2022,Mumbai Indians,3.9456459734709726,4.15510501026751
P077,2020,Chennai Super Kings,9.870579367391867,10.728191408128907
P077,2021,Chennai Super Kings,11.781888167388166,11.130361081048582
P077,2022,Royal Challengers Bengaluru,11.762877314814817,10.806133223258229
P077,2023,Royal Challengers Bengaluru,11.344108639971136,11.000347044159541
P077,2024,Royal Challengers Bengaluru,11.527690079365074,10.06186817580567
P077,2025,Delhi Capitals,15.678660612073115,11.886033832371341
P078,2022,Sunrisers Hyderabad,3.3763510619010617,5.0779115629740605
P078,2023,Sunrisers Hyderabad,5.379082918470423,5.624769601694601
P078,2025,Rajasthan Royals,5.691291642616643,6.703203300865796
P079,2024,Mumbai Indians,5.981582917545414,5.847833092833093
P079,2025,Gujarat Titans,8.550914121526624,6.747398365060863
P080,2021,Royal Challengers Bengaluru,3.4917595598845574,5.797730856180857
P081,2020,Punjab Kings,13.521064343989329,14.887854721939284
P081,2021,Royal Challengers Bengaluru,15.381120762108264,15.633661247086236
P081,2022,Royal Challengers Bengaluru,15.976344576719585,16.492851963776953
P081,2023,Royal Challengers Bengaluru,15.335448341473336,15.576534255096746
P081,2024,Royal Challengers Bengaluru,16.413509259259257,14.525950425309976
P081,2025,Punjab Kings,16.02687817460317,13.73958335368335
P082,2021,Rajasthan Royals,6.18090378371628,5.399036646224144
P082,2023,Sunrisers Hyderabad,6.330677988215488,5.2931364283864255
P083,2020,Punjab Kings,8.977694787157287,10.25786643217893
P083,2022,Lucknow Super Giants,10.301282016594525,10.295229720742217
P083,2023,Lucknow Super Giants,9.757049341861844,13.325278198653194
P083,2024,Lucknow Super Giants,10.271451853239348,9.585790077052579
P084,2024,Delhi Capitals,1.8211256169756167,2.0013554274429257
P085,2020,Delhi Capitals,11.403439501239502,10.49796297498797
P085,2021,Royal Challengers Bengaluru,13.694502086339586,12.420175826488332
P085,2022,Royal Challengers Bengaluru,13.622955814093315,11.984106962481968
P085,2023,Royal Challengers Bengaluru,13.162006770081774,9.926009793447289
P085,2024,Punjab Kings,13.177488624338629,10.321150624838122
P085,2025,Sunrisers Hyderabad,13.1513987974988,11.103788942538944
P086,2020,Mumbai Indians,13.608776515151526,15.341427272727284
P086,2021,Mumbai Indians,13.989337914862917,14.134779509379506
P086,2022,Gujarat Titans,15.427928270803276,15.266121548359045
P086,2023,Gujarat Titans,15.0752909992785,15.282689363876871
P086,2024,Mumbai Indians,15.485625438912946,15.424366636141643
P086,2025,Mumbai Indians,15.693588113275618,15.613221422096434
P087,2020,Punjab Kings,10.695364910089907,9.049693179505676
P087,2021,Punjab Kings,13.145501767676771,11.662641645391645
P087,2022,Punjab Kings,12.39262006514727,11.008618560606058
P087,2023,Punjab Kings,13.364409868862072,12.392169615107118
P087,2024,Punjab Kings,13.497833910533911,12.124971374921374
P087,2025,Punjab Kings,3.992407693695193,2.4338871993746976
P088,2023,Punjab Kings,4.633234564047068,6.368238756613754
P088,2024,Punjab Kings,5.504346611721611,5.833425498112998
P089,2022,Kolkata Knight Riders,8.684451930014434,10.182868933381439
P089,2023,Kolkata Knight Riders,10.843050264550275,9.455381643819145
P089,2024,Kolkata Knight Riders,10.864115740740745,9.214408609908611
P089,2025,Kolkata Knight Riders,11.497822631072635,12.477126539201533
P090,2023,Sunrisers Hyderabad,9.9080336075961,10.319736566674065
P090,2024,Sunrisers Hyderabad,9.819236025548522,11.16407205988456
P090,2025,Sunrisers Hyderabad,9.601875455562949,10.659796992359496
P091,2022,Mumbai Indians,5.7711047077922055,6.43446023328523
P091,2023,Mumbai Indians,6.808303150553151,5.825108812946309
P092,2020,Royal Challengers Bengaluru,4.308387825137825,5.984663380600882
P093,2020,Chennai Super Kings,4.023569618344618,5.267571789321786
P093,2021,Chennai Super Kings,5.322118318255819,5.870808892496393
P094,2020,Mumbai Indians,9.690521915584414,11.254068422318417
P094,2021,Mumbai Indians,10.806191317941318,10.208211429773932
P094,2022,Mumbai Indians,10.757684012746509,11.157702861952865
P094,2023,Mumbai Indians,10.610536796536792,11.040284467846964
P094,2024,Mumbai Indians,10.692091450216445,9.676342923280421
P094,2025,Sunrisers Hyderabad,8.969908435545936,12.699184475709474
P095,2020,Delhi Capitals,5.679928330928332,5.322924933862432
P095,2021,Delhi Capitals,6.057290642228139,5.344588564213564
P095,2023,Delhi Capitals,6.456666462241457,6.006315355940355
P095,2024,Delhi Capitals,6.14659092111592,6.264350512913015
P095,2025,Gujarat Titans,5.922365704665702,2.6429539862914853
P096,2022,Punjab Kings,9.241287217412218,9.646059223184226
P096,2023,Punjab Kings,9.894465018777515,10.007469086469081
P096,2024,Punjab Kings,9.71450925925926,10.143348635161132
P096,2025,Royal Challengers Bengaluru,9.44520176120176,9.781747113997119
P097,2024,Delhi Capitals,6.881112185962185,7.261261789136791
P097,2025,Delhi Capitals,5.20159071900322,8.800470473970481
P098,2020,Punjab Kings,6.13204051041551,5.081718494468494
P098,2021,Mumbai Indians,6.813147348484849,5.919552259777255
P098,2022,Rajasthan Royals,6.753306974506975,6.110935557960558
P099,2020,Mumbai Indians,5.618679082491579,5.921579799829803
P100,2023,Mumbai Indians,4.956605147167649,6.606802549302546
P101,2020,Sunrisers Hyderabad,10.458208624708625,11.933990001202497
P101,2021,Sunrisers Hyderabad,12.520259262959266,13.010930442242941
P101,2022,Lucknow Super Giants,12.241005883930885,11.970636309523808
P101,2023,Rajasthan Royals,12.416196477133976,10.86875830882081
P102,2021,Sunrisers Hyderabad,6.296839625652127,6.3265255739630755
P102,2023,Kolkata Knight Riders,7.034611848799347,7.261832114644618
P103,2020,Mumbai Indians,9.109509263884265,10.95664069264069
P103,2021,Mumbai Indians,10.75126522551523,11.175014430014425
P103,2022,Mumbai Indians,10.655333016520519,11.102786731786729
P103,2024,Mumbai Indians,10.685944458319463,10.344713924963925
P103,2025,Mumbai Indians,10.672543333980837,10.623002754190251
P104,2020,Mumbai Indians,3.845826830576833,5.510959605209605
P104,2021,Mumbai Indians,5.992288867613868,5.844181547619048
P104,2023,Gujarat Titans,5.731768975468976,5.471369091556591
P105,2020,Rajasthan Royals,9.426639439264445,9.830084740259744
P105,2021,Rajasthan Royals,12.771640343915344,10.390046300458794
P105,2022,Mumbai Indians,12.703921236171238,11.348447713397713
P105,2023,Lucknow Super Giants,10.704626809764305,8.795936367336367
P105,2024,Sunrisers Hyderabad,12.727477182539685,11.382485726310728
P105,2025,Sunrisers Hyderabad,12.357444330206823,10.606597222222227
P106,2023,Gujarat Titans,1.7297593494468493,1.9827691077441072
P106,2024,Gujarat Titans,2.300329365079366,1.8051767015391995
P107,2021,Punjab Kings,3.852136333573833,4.701890836015835
P107,2024,Delhi Capitals,4.986755624857595,5.881408412420913
P108,2023,Rajasthan Royals,2.5339863516113534,1.7705243501868502
P109,2020,Rajasthan Royals,10.916341283716283,12.202709515947014
P109,2023,Mumbai Indians,12.186675939800939,9.631211204998701
P109,2025,Rajasthan Royals,13.72293567543568,15.90354283540533
P110,2020,Sunrisers Hyderabad,10.206336684149187,10.453221799034294
P110,2021,Sunrisers Hyderabad,10.070935312372814,10.46842180735931
P110,2022,Punjab Kings,10.046495726495728,10.275261814574309
P110,2024,Punjab Kings,10.0581626984127,10.421599296536796
P110,2025,Mumbai Indians,10.096768044455542,9.93481464646464
P111,2020,Rajasthan Royals,9.788207671957675,10.138550104987607
P111,2021,Rajasthan Royals,11.05016198061198,9.758226628926629
P111,2022,Rajasthan Royals,11.108098523236016,11.467101486476489
P111,2023,Rajasthan Royals,11.137781208606203,10.416284051596556
P111,2024,Rajasthan Royals,11.119142860842858,10.307712061087061
P111,2025,Gujarat Titans,9.04018924825175,12.142977699615198
P112,2020,Chennai Super Kings,9.729828433140936,8.486446488696481
P112,2021,Chennai Super Kings,10.194137896825394,8.847663001350503
P112,2022,Royal Challengers Bengaluru,10.610153439153443,11.466040191290181
P112,2023,Royal Challengers Bengaluru,10.445635792448291,10.670630387205376
P112,2025,Royal Challengers Bengaluru,8.522528138528143,9.278688529526026
P113,2020,Mumbai Indians,13.250380922318426,15.557210960798463
P113,2021,Mumbai Indians,15.59271667869168,15.461548797498796
P113,2022,Lucknow Super Giants,15.761631926406922,16.32758470418469
P113,2023,Lucknow Super Giants,15.760145352332847,16.103707930495425
P113,2024,Lucknow Super Giants,15.789750360750359,15.56420703463203
P113,2025,Royal Challengers Bengaluru,15.560537548100047,15.31886075036074
P114,2020,Punjab Kings,10.265340939153441,10.697025726588224
P114,2021,Punjab Kings,11.223812037037042,10.501349234099242
P114,2022,Lucknow Super Giants,11.8259083994709,11.078792903855408
P114,2023,Lucknow Super Giants,11.732108664021164,10.782266693954197
P114,2024,Lucknow Super Giants,11.706525132275132,10.738519959207464
P114,2025,Delhi Capitals,11.677748544973545,10.590121121933628
P115,2020,Chennai Super Kings,6.084134932659933,6.316069895382397
P115,2021,Sunrisers Hyderabad,6.148577021127022,5.709266925204425
P115,2023,Royal Challengers Bengaluru,6.195839045214044,4.990833814333814
P116,2023,Sunrisers Hyderabad,7.3018875060125055,10.1584621003996
P116,2024,Sunrisers Hyderabad,10.714673606486107,11.866235714285713
P116,2025,Sunrisers Hyderabad,10.879632735320236,12.773002014189506
P117,2021,Royal Challengers Bengaluru,5.682437754375256,6.7427135434010435
P117,2022,Delhi Capitals,5.70289282708033,5.660912698412699
P118,2021,Rajasthan Royals,1.717129275354276,1.9128681573056572
P118,2023,Rajasthan Royals,2.279471338846341,2.1135686119436103
P119,2020,Mumbai Indians,10.83387915556666,11.577132594257597
P119,2021,Mumbai Indians,12.390009686147193,12.397953932641432
P119,2022,Mumbai Indians,12.340952158489664,12.657197469197468
P120,2020,Delhi Capitals,10.907098484848488,12.281732138232133
P120,2021,Delhi Capitals,13.289253974266474,10.679886326636323
P120,2022,Punjab Kings,13.485591540404045,12.745440987253483
P120,2023,Punjab Kings,11.096671693121694,10.565395121082624
P120,2024,Punjab Kings,13.261224873737376,10.942460030710025
P120,2025,Gujarat Titans,10.601428439153434,7.07416406833907
P121,2020,Kolkata Knight Riders,4.016006132756134,5.805146416083917
P121,2021,Kolkata Knight Riders,5.922764309764313,6.261873915436415
P121,2022,Delhi Capitals,5.795714045214046,5.246222041847045
P122,2020,Sunrisers Hyderabad,9.146248526936025,11.09904449254449
P122,2021,Sunrisers Hyderabad,10.003218284030787,10.533089338901842
P122,2022,Sunrisers Hyderabad,9.802998991748987,10.433023388648389
P122,2024,Gujarat Titans,9.568978160728163,10.576729557479558
P123,2020,Chennai Super Kings,8.657766173641178,9.644202591390089
P123,2022,Lucknow Super Giants,10.15686741961742,10.044044009231504
P123,2023,Lucknow Super Giants,10.29499804131054,10.527881211381208
P123,2023,Royal Challengers Bengaluru,10.327817063492061,10.193343079605583
P123,2024,Royal Challengers Bengaluru,10.50713632756133,10.142302282902284
P123,2025,Mumbai Indians,10.268779100529095,10.657795514670527
P124,2020,Rajasthan Royals,5.994682018444518,5.891941267066266
P124,2021,Rajasthan Royals,6.2636267394642395,5.021780327080327
P124,2022,Sunrisers Hyderabad,6.0477105598105565,4.8606571007696
P124,2023,Sunrisers Hyderabad,5.574707840307838,5.194801848614347
P124,2024,Gujarat Titans,5.565609626022124,5.555051756114256
P125,2020,Punjab Kings,6.036396043771039,4.987182412494912
P125,2022,Rajasthan Royals,6.280640301827798,5.506783172845672
P125,2025,Delhi Capitals,7.132993121230625,7.249741145428651
P126,2024,Rajasthan Royals,3.45580172003922,5.137954395141894
P127,2022,Rajasthan Royals,2.864220596723539,6.439682354682355
P127,2023,Rajasthan Royals,3.5075423280423266,4.784328379953377
P127,2024,Rajasthan Royals,3.442524711399711,4.654969363969364
P128,2020,Kolkata Knight Riders,9.622535383597878,9.986154232572982
P128,2022,Delhi Capitals,12.636245964683463,11.635870818995821
P128,2023,Delhi Capitals,12.337706869519367,11.142035894660895
P128,2024,Delhi Capitals,12.42531775400525,11.934705456580453
P128,2025,Delhi Capitals,12.403275335775328,11.608185041810042
P129,2023,Kolkata Knight Riders,1.3767202135827128,1.8417885424760436
P129,2025,Gujarat Titans,1.7926911315536314,2.082314826839826
P130,2022,Mumbai Indians,6.001667123617124,6.243889249639249
P130,2023,Mumbai Indians,5.988618091630592,5.3987665043290045
P130,2025,Rajasthan Royals,5.700903174603176,4.455228943278946
P131,2024,Mumbai Indians,4.883314387926891,5.020870189995191
P131,2025,Rajasthan Royals,6.222882287157284,2.4917361652236645
P132,2021,Royal Challengers Bengaluru,6.17415453944204,6.292335678210674
P132,2025,Punjab Kings,6.9707264009139,5.79638736171236
P133,2023,Lucknow Super Giants,7.3722818963444,7.47328231721982
P134,2024,Mumbai Indians,3.8092103475228485,4.421555385817883
P135,2021,Delhi Capitals,9.79493954656455,12.739021770359267
P135,2022,Delhi Capitals,11.339644811207316,13.121259768009773
P135,2023,Delhi Capitals,11.214834836459838,12.8034659992785
P135,2024,Delhi Capitals,10.92573266594516,9.86322238224738
P136,2024,Delhi Capitals,1.7652419612794616,1.475601022126022
P137,2021,Rajasthan Royals,10.504415013227515,10.398177773615268
P137,2022,Punjab Kings,14.389140301827805,12.220252645502637
P137,2023,Punjab Kings,13.710878571428575,11.428038600288588
P137,2024,Punjab Kings,14.086250126262625,12.204483225108225
P137,2025,Royal Challengers Bengaluru,14.666211562049057,14.569938816738823
P138,2020,Kolkata Knight Riders,10.995774981962487,10.528377790034043
P138,2021,Kolkata Knight Riders,12.20174154040404,10.737806487493987
P138,2022,Gujarat Titans,12.23575099206349,10.14466429172679
P138,2023,Kolkata Knight Riders,10.229064351851852,8.1529082010582
P138,2024,Royal Challengers Bengaluru,12.17842937710437,9.671089562289566
P138,2025,Punjab Kings,11.455574320586829,12.738958895679486
P139,2020,Chennai Super Kings,3.537024867724867,4.402866420153917
P139,2021,Chennai Super Kings,3.5543033665408665,4.591639814814814
P139,2025,Royal Challengers Bengaluru,2.8562509920634906,1.8004103933103928
P140,2020,Punjab Kings,9.565399801587295,10.515583183020683
P140,2021,Punjab Kings,8.429423370610872,11.501365704665707
P140,2022,Mumbai Indians,8.35269309163059,10.140947057572056
P140,2023,Rajasthan Royals,8.334101160413661,9.900814424001922
P141,2020,Rajasthan Royals,9.119220282957786,10.394835349835343
P141,2021,Rajasthan Royals,10.754916023791026,10.758464759777262
P141,2022,Royal Challengers Bengaluru,10.402995710308213,10.713069867632365
P141,2023,Royal Challengers Bengaluru,10.46055115948866,12.22382794612794
P141,2024,Royal Challengers Bengaluru,10.1400321988197,10.921625087875094
P142,2022,Chennai Super Kings,5.318337301587304,5.891339301901802
P142,2023,Chennai Super Kings,5.737693975468975,6.843869235067769
P142,2024,Chennai Super Kings,5.699408682058681,6.725332112468143
P142,2025,Chennai Super Kings,5.585870027657526,5.599652264402267
P143,2020,Kolkata Knight Riders,5.688835592185593,4.742398345635848
P143,2021,Kolkata Knight Riders,6.887734938672439,5.860483345358344
P143,2022,Rajasthan Royals,6.83450925925926,6.087460137085141
P143,2025,Gujarat Titans,6.888832341269842,6.0587591089466155
P144,2020,Chennai Super Kings,9.60229789654789,10.301336427461425
P144,2021,Chennai Super Kings,10.526284722222218,11.447814484126983
P144,2022,Chennai Super Kings,10.535965099715096,10.672434253246752
P144,2023,Chennai Super Kings,10.472677639490138,11.61343867243867
P144,2024,Chennai Super Kings,10.322828433140936,10.184585137085136
P144,2025,Chennai Super Kings,10.601942189754688,10.63646666065416
P145,2021,Punjab Kings,8.757373499186,10.361035816035818
P145,2022,Punjab Kings,10.871159199134196,9.880815737503237
P145,2023,Punjab Kings,10.677556553631552,9.760027958152959
P145,2024,Gujarat Titans,10.781756487493986,10.664926709864211
P145,2025,Gujarat Titans,10.783155393217896,11.938855579605589
P146,2024,Lucknow Super Giants,2.0593560666185673,1.6892847138972138
P146,2025,Lucknow Super Giants,2.473249194324195,1.6815001752876753
P147,2022,Chennai Super Kings,5.724709295334294,6.251425770988264
P147,2023,Chennai Super Kings,7.634343885281387,5.60844695813446
P147,2024,Chennai Super Kings,7.662132395382396,5.944642988955486
P147,2025,Rajasthan Royals,7.573027176527178,5.991275685425688
P148,2021,Rajasthan Royals,4.500843059718059,5.609657677970177
P148,2022,Lucknow Super Giants,5.552850889850888,5.837124849687354
P148,2023,Lucknow Super Giants,5.417225228475228,6.068148148148148
P149,2020,Punjab Kings,5.58063579244829,6.865872856310357
P149,2021,Punjab Kings,6.077041916416917,5.755941773504274
P149,2022,Delhi Capitals,6.192215367965371,5.844171860546861
P149,2023,Kolkata Knight Riders,6.119059232434236,5.973775425962927
P150,2020,Sunrisers Hyderabad,10.521383267195766,10.95252296777296
P150,2021,Sunrisers Hyderabad,10.323176587301589,10.470951960076956
P150,2022,Lucknow Super Giants,10.410346170033671,11.080779391904393
P150,2023,Delhi Capitals,10.277128042328044,10.076729557479554
P150,2024,Kolkata Knight Riders,10.399960564898066,10.22907337501823
P150,2025,Kolkata Knight Riders,6.34417784992785,2.4769485176860164
P151,2021,Mumbai Indians,9.236521344396342,10.725482251082253
P151,2022,Sunrisers Hyderabad,12.076314458689456,10.533388286250789
P151,2023,Sunrisers Hyderabad,12.231576701076701,11.567853354978356
P151,2024,Sunrisers Hyderabad,11.485048767436265,9.7861864094239
P151,2025,Punjab Kings,12.307380663318163,9.204628589466086
P152,2020,Delhi Capitals,14.081424482924476,16.931942340067334
P152,2021,Delhi Capitals,15.918909380434386,11.292752645502645
P152,2022,Lucknow Super Giants,16.06520611564362,14.379624392736895
P152,2023,Lucknow Super Giants,16.778248353498352,14.639625571650571
P152,2024,Lucknow Super Giants,16.17578078495579,13.328534355459354
P152,2025,Punjab Kings,16.23277975080476,13.90636064814815
P153,2023,Lucknow Super Giants,5.097139578014577,6.26399268093018
P154,2023,Punjab Kings,6.034225314037815,6.619086274836277
P155,2022,Gujarat Titans,4.997854328541826,7.064096267158767
P155,2024,Gujarat Titans,5.9493274170274155,6.127353107540608
P156,2020,Punjab Kings,9.589024110149113,10.52875526094277
P156,2021,Punjab Kings,10.294761934824434,11.0103450993451
P156,2022,Punjab Kings,10.242804607429605,9.703112297424793
P156,2023,Sunrisers Hyderabad,10.355385582010578,10.167841013153518
P156,2024,Sunrisers Hyderabad,10.56433195970696,9.388592652717652
P156,2025,Royal Challengers Bengaluru,10.314716600529106,9.803674945424945
P157,2023,Sunrisers Hyderabad,1.3680942876567863,2.1678482503607497
P157,2024,Royal Challengers Bengaluru,1.247981655381654,1.7485245592370586
P158,2021,Rajasthan Royals,9.091986141173646,11.599437830687833
P158,2022,Mumbai Indians,8.41151914983165,10.6076841029341
P158,2023,Sunrisers Hyderabad,8.580801376863874,12.010335798460803
P158,2024,Sunrisers Hyderabad,8.338719510582012,9.90654487734487
P159,2023,Royal Challengers Bengaluru,5.853994318181819,6.6405526811151825
P160,2020,Sunrisers Hyderabad,10.835773989898993,10.610153318903313
P160,2022,Delhi Capitals,12.762349019961519,12.618350170662671
P160,2023,Delhi Capitals,13.093654934417431,13.149675662300659
P160,2024,Delhi Capitals,11.695289705664702,9.943110076960075
P160,2025,Lucknow Super Giants,10.999962862137865,12.149449921837423
P161,2020,Chennai Super Kings,9.088133648758642,9.048499158249161
P161,2022,Chennai Super Kings,10.78183531630407,11.363786201298698
P161,2023,Chennai Super Kings,10.73511486777112,10.723882388444887
P161,2024,Chennai Super Kings,10.64788501429127,11.225301116013616
P161,2025,Mumbai Indians,12.092719215969206,14.754471568709084
P162,2024,Kolkata Knight Riders,5.89652761012136,6.550630295630301
P162,2025,Delhi Capitals,6.274680561568061,12.756927690365192
P163,2020,Royal Challengers Bengaluru,11.428315259740266,7.879268933381433
P163,2021,Chennai Super Kings,15.920979858104872,16.093617229992226
P163,2022,Chennai Super Kings,15.883905575905585,16.490258614071116
P163,2023,Chennai Super Kings,15.85397562160063,16.61547277028527
P163,2024,Chennai Super Kings,12.801455050505053,8.36899615800865
P163,2025,Kolkata Knight Riders,13.728109054834064,10.898332536445034
P164,2020,Sunrisers Hyderabad,5.982120009620009,4.876948623136127
P164,2021,Sunrisers Hyderabad,7.025782738095237,5.110801412938912
P164,2024,Mumbai Indians,7.083651605339104,5.269530681818178
P165,2020,Punjab Kings,8.732433682058682,10.648313857438863
P165,2021,Punjab Kings,10.325579635642137,11.731646494708992
P165,2022,Gujarat Titans,10.196708934583935,9.606461799774307
P165,2023,Gujarat Titans,10.63240827922078,11.203599356661847
P165,2025,Sunrisers Hyderabad,9.23224220779221,8.428022594997591
P166,2020,Royal Challengers Bengaluru,11.0683290991416,11.815394323269322
P166,2021,Royal Challengers Bengaluru,12.209292198542197,10.887564905002403
P166,2022,Royal Challengers Bengaluru,12.15064525058275,10.782096203333698
P166,2023,Royal Challengers Bengaluru,12.104902176527178,10.705634333259331
P166,2024,Royal Challengers Bengaluru,11.76989712602213,11.336048154391905
P166,2025,Gujarat Titans,10.327740025252531,12.697028559403552
P167,2020,Delhi Capitals,4.876026094276097,4.978611192048692
P167,2023,Gujarat Titans,6.782942249879747,6.382315719003219
P167,2024,Gujarat Titans,6.684233910533911,6.152384465071964
P167,2025,Delhi Capitals,6.637984365171867,5.213695734820735
P168,2022,Lucknow Super Giants,9.791790794853295,11.23007052669553
P168,2023,Lucknow Super Giants,9.631516323953825,9.712792364117366
P168,2024,Lucknow Super Giants,9.505635672198174,10.566865495615502
P169,2021,Punjab Kings,5.531489448051946,5.65796604321604
P170,2024,Lucknow Super Giants,2.372244683094683,2.2133817520442522
P170,2025,Lucknow Super Giants,2.3596200336700344,1.8067305259555269
P171,2020,Royal Challengers Bengaluru,11.05770034317534,11.736933432308437
P171,2021,Royal Challengers Bengaluru,12.704816293891295,10.495284123284122
P171,2022,Sunrisers Hyderabad,12.887692779905278,11.494334445646945
P171,2023,Sunrisers Hyderabad,12.834485876623376,11.383971109908611
P171,2024,Sunrisers Hyderabad,9.96111851158101,8.284072228234733
P171,2025,Gujarat Titans,11.890687115199613,11.055720087782587
P172,2020,Punjab Kings,2.856256144781147,5.207502323602323
P172,2021,Sunrisers Hyderabad,3.645333566896066,5.6738935180560155
P172,2025,Mumbai Indians,3.5505076058201066,5.6067093947718964
P173,2022,Chennai Super Kings,5.9419286014911,6.392295394420394
P173,2024,Chennai Super Kings,6.036746010008507,5.634612750675251
P173,2025,Chennai Super Kings,5.940219290431788,5.454050770988272
P174,2023,Delhi Capitals,5.558518931068929,5.086141753154252
P174,2024,Delhi Capitals,6.744077847152848,5.89760639129389
P174,2025,Delhi Capitals,5.633875254837758,7.036987869537867
P175,2025,Punjab Kings,1.2587331122581122,1.4829899891774891
P176,2021,Rajasthan Royals,8.67435982073482,9.665021525234017
P176,2022,Delhi Capitals,9.299751810689312,10.228252916065417
P176,2023,Delhi Capitals,8.42352432058682,9.16034743497243
P176,2024,Chennai Super Kings,8.400870761183263,9.937140364265364
P176,2025,Delhi Capitals,8.548191498316498,10.454796805046795
P177,2020,Chennai Super Kings,5.332382804695303,6.006540484977985
P177,2022,Chennai Super Kings,6.038965873015871,6.095077110389612
P177,2023,Kolkata Knight Riders,6.222969727032226,6.124906295093795
P178,2024,Mumbai Indians,3.2678718013467978,4.472166041366043
P178,2025,Royal Challengers Bengaluru,3.5544372174122176,5.877276827339324
P179,2023,Mumbai Indians,9.289303902116398,10.175221290283789
P179,2024,Mumbai Indians,9.287562409812407,11.126792087542087
P179,2025,Punjab Kings,9.803986696174197,12.507255101380101
P180,2024,Mumbai Indians,6.7528464105339125,6.9147557511932565
P180,2025,Mumbai Indians,3.3279379768379753,1.5208021917896912
P181,2020,Mumbai Indians,6.162139339826842,5.979690867003363
P181,2021,Mumbai Indians,7.5657039442039435,6.0732240652865634
P181,2022,Rajasthan Royals,7.307627344877346,5.465545868020867
P182,2021,Punjab Kings,5.99464021395271,5.626313522126023
P182,2022,Punjab Kings,7.01417294973545,5.0435124370999365
P182,2023,Punjab Kings,6.981221230158729,5.6233178048803065
P182,2024,Punjab Kings,7.109428978428985,4.66655200817701
P182,2025,Chennai Super Kings,9.11343740981241,10.894550685425683
P183,2020,Royal Challengers Bengaluru,6.084893097643099,6.363874849687347
P183,2021,Royal Challengers Bengaluru,6.83362753126503,5.287174887612388
P183,2022,Rajasthan Royals,6.721756896344396,5.434601303326302
P183,2023,Rajasthan Royals,6.78996402116402,5.319867899230397
P184,2023,Lucknow Super Giants,6.500439009139011,6.178893127705633
P184,2024,Lucknow Super Giants,7.017087962962963,5.7600300745550745
P185,2020,Punjab Kings,9.12297038840788,9.929759439634443
P185,2021,Punjab Kings,12.265798351648353,12.2708183020683
P185,2022,Sunrisers Hyderabad,11.869709024771524,10.191042038979536
P185,2023,Lucknow Super Giants,12.090572685185187,9.63467114598365
P185,2024,Lucknow Super Giants,12.420903373015875,9.917574885762379
P185,2025,Lucknow Super Giants,12.170913293650793,9.898362463924954
P186,2020,Kolkata Knight Riders,10.112189153439157,10.349670486920482
P186,2021,Kolkata Knight Riders,12.616332846320345,10.585194384319392
P186,2022,Kolkata Knight Riders,12.320379172679173,10.549080149017646
P186,2023,Kolkata Knight Riders,13.051288359788359,12.195791486291482
P186,2024,Kolkata Knight Riders,12.559190488215487,9.315021624209125
P186,2025,Rajasthan Royals,13.14410732924483,5.985134940059939
P187,2023,Gujarat Titans,8.492946158008653,10.539494253431746
P187,2024,Gujarat Titans,8.324164321789322,10.457877439689943
P187,2025,Chennai Super Kings,7.828769414381919,13.670315909090903
P188,2022,Rajasthan Royals,6.537495526695525,5.938186387686385
P188,2023,Rajasthan Royals,5.989340935453436,6.151651790339292
P189,2022,Punjab Kings,4.67477834434084,5.857287788600283
P190,2022,Punjab Kings,7.19061378667629,7.147777206589709
P190,2023,Punjab Kings,6.822789051226553,6.041913750601254
P191,2023,Delhi Capitals,8.951471380471382,9.626921899859394
P191,2024,Kolkata Knight Riders,9.634143759018762,9.80349503968253
P191,2025,Royal Challengers Bengaluru,9.610888807951305,9.779753817941307
P192,2025,Sunrisers Hyderabad,6.344364683927183,6.584438732563731
P193,2020,Chennai Super Kings,8.618829249454247,9.168086916555662
P193,2021,Mumbai Indians,10.566190686628183,8.75054093314094
P193,2023,Mumbai Indians,10.677679274429277,12.173719104969104
P193,2024,Mumbai Indians,10.129317189754689,11.034864868927365
P194,2020,Punjab Kings,9.225335016835016,10.354088823676328
P194,2021,Punjab Kings,10.095480489417987,10.082932125744627
P194,2022,Punjab Kings,10.080176527176524,9.78124668202168
P194,2023,Punjab Kings,10.0163471019721,10.484770673770676
P194,2024,Punjab Kings,9.984334385521882,10.418056989306987
P194,2025,Punjab Kings,10.077063612313609,10.735521272708771
P195,2022,Gujarat Titans,2.4419394901394904,2.0549540343915336
P196,2020,Delhi Capitals,5.181601972101971,4.99848447062197
P196,2023,Delhi Capitals,5.98046314333814,5.500565626503127
P196,2025,Punjab Kings,5.51563344757095,5.221343467180967
P197,2022,Punjab Kings,5.351221960446963,5.1185845150220155
P197,2023,Lucknow Super Giants,6.497851124338624,6.20514201539202
P198,2025,Lucknow Super Giants,2.3044617845117843,1.9719162971287967
P199,2020,Delhi Capitals,9.907834956709952,10.257210708273206
P199,2021,Delhi Capitals,10.995546925296914,10.678871110371112
P199,2022,Delhi Capitals,11.040898506586002,9.845690394327894
P199,2023,Delhi Capitals,11.241707828282829,9.913324247511746
P199,2024,Delhi Capitals,10.858493017168014,9.735820322270326
P200,2020,Sunrisers Hyderabad,6.587375136437637,6.7677443736818725
P200,2021,Sunrisers Hyderabad,6.983883195508191,5.60921606402856
P200,2022,Sunrisers Hyderabad,6.999570034132532,5.639031054593556
P200,2023,Delhi Capitals,6.972466895141891,5.825539051226552
P201,2025,Mumbai Indians,1.2611914455914457,1.510028348965849
P202,2020,Mumbai Indians,10.299548698986195,10.993324825637325
P202,2021,Mumbai Indians,11.384035052910049,10.194505327080327
P202,2022,Lucknow Super Giants,11.304917989417985,10.958483130295622
P202,2023,Lucknow Super Giants,11.931813852813853,10.547114121989116
P202,2024,Lucknow Super Giants,11.158729298941795,10.367033446183441
P202,2025,Kolkata Knight Riders,14.812608185333186,13.219149945887445
P203,2020,Kolkata Knight Riders,9.322067610630109,10.556186147186146
P203,2021,Kolkata Knight Riders,10.551817279942282,11.240203974266471
P203,2022,Sunrisers Hyderabad,10.491529250841749,11.580705988455978
P203,2023,Sunrisers Hyderabad,10.469687650312654,10.458778513153513
P203,2024,Sunrisers Hyderabad,10.519264700577201,10.847624699374705
P203,2025,Chennai Super Kings,11.513327531265036,11.633895086395087
P204,2020,Mumbai Indians,11.52169837431087,10.042010188885182
P204,2021,Mumbai Indians,12.560245286195284,10.592780874218374
P204,2022,Punjab Kings,12.85892305194805,13.323405807155813
P204,2023,Punjab Kings,11.118284547859544,10.250519790394787
P204,2024,Punjab Kings,12.581107178932177,10.371440592278084
P204,2025,Sunrisers Hyderabad,9.496188864838862,9.560867153679654
P205,2020,Chennai Super Kings,9.951098755411254,9.63762943537943
P205,2021,Chennai Super Kings,11.525548941798942,11.142783670033669
P205,2022,Chennai Super Kings,11.400576719576721,10.459860842860847
P205,2023,Chennai Super Kings,11.50148148148148,10.963799783549781
P205,2024,Chennai Super Kings,11.517148148148147,11.243824404761908
P205,2025,Chennai Super Kings,11.592866335978837,9.687800997613493
P206,2020,Rajasthan Royals,11.884323021885526,12.393465969215976
P206,2021,Rajasthan Royals,14.237194327431828,12.15934301346802
P206,2022,Gujarat Titans,13.320340978465978,10.850889730639732
P206,2023,Gujarat Titans,13.353677613590113,9.998146584896585
P206,2024,Gujarat Titans,13.62650420597921,10.203740951178448
P206,2025,Gujarat Titans,13.351732177082177,10.078044573482073
P207,2022,Delhi Capitals,8.742672961760464,10.354242500555003
P207,2023,Delhi Capitals,8.328108375420877,10.5007412934288
P207,2024,Rajasthan Royals,9.22427726671477,9.964414407351912
P207,2025,Kolkata Knight Riders,9.413344336219337,9.98344718383468
P208,2022,Punjab Kings,8.851523915898909,11.709342967217966
P208,2023,Punjab Kings,8.20550628306878,9.867165725478225
P208,2024,Punjab Kings,8.128685439560437,9.319772727272726
P209,2022,Gujarat Titans,6.524595508658009,6.164957930957931
P209,2024,Gujarat Titans,7.482300432900433,5.4105793697043705
P209,2025,Gujarat Titans,7.512986772486773,6.29094442825693
P210,2022,Sunrisers Hyderabad,8.212557208994708,10.563938568376063
P210,2023,Lucknow Super Giants,10.954697450697452,9.466146194083695
P210,2024,Mumbai Indians,10.397818187830685,10.525178051115553
P210,2025,Royal Challengers Bengaluru,10.446092063492062,10.262300315425312
P211,2020,Rajasthan Royals,8.604733267195769,12.0986611027861
P211,2021,Rajasthan Royals,8.424143234080733,10.243104273041777
P211,2022,Sunrisers Hyderabad,8.33625243506493,10.055891000203495
P211,2024,Mumbai Indians,7.9872406204906214,8.405453638028638
P212,2022,Punjab Kings,3.6485189047064024,5.959984901672402
P212,2025,Mumbai Indians,4.870347337847335,6.072790834165839
P213,2024,Chennai Super Kings,7.226745069745068,7.187210872460874
P213,2025,Chennai Super Kings,5.2172166847041845,4.944397231934729
P214,2023,Kolkata Knight Riders,6.879118957431459,7.307165232915238
P214,2024,Kolkata Knight Riders,7.647429894179893,5.712946578884082
P214,2025,Kolkata Knight Riders,5.172767183742181,11.494478607503597
P215,2021,Royal Challengers Bengaluru,9.552580107392604,10.246911828911824
P215,2022,Royal Challengers Bengaluru,10.118026582214082,10.168198623136119
P215,2024,Royal Challengers Bengaluru,9.965090217652723,9.94080137455137
P215,2025,Royal Challengers Bengaluru,10.362733220483221,10.399426136363637
P216,2022,Mumbai Indians,8.559564095626596,11.59214307220557
P216,2024,Kolkata Knight Riders,8.877401011026006,11.050387235449742
P216,2025,Kolkata Knight Riders,9.096593163780664,12.146725048100043
P217,2020,Sunrisers Hyderabad,13.956864408276909,14.669920522070518
P217,2021,Sunrisers Hyderabad,16.993645494783,16.12760778804528
P217,2022,Gujarat Titans,16.84319480935731,16.571935726310716
P217,2023,Gujarat Titans,16.74629454480704,16.28327847384097
P217,2024,Gujarat Titans,16.913140576553076,15.676311905686907
P217,2025,Gujarat Titans,16.57476097097347,13.688106332556341
P218,2022,Kolkata Knight Riders,5.318955417267919,5.143433964183961
P218,2024,Delhi Capitals,6.087441516354014,5.756802771302769
P218,2025,Royal Challengers Bengaluru,5.4989628006252955,5.344330324767828
P219,2020,Delhi Capitals,10.563688131313134,11.380999384874386
P219,2021,Delhi Capitals,13.420283273208272,11.050729088966584
P219,2022,Rajasthan Royals,14.690005651755655,13.019188522126017
P219,2023,Rajasthan Royals,14.497425162337665,12.163120324120328
P219,2024,Rajasthan Royals,14.40874718614719,12.723038588726094
P219,2025,Chennai Super Kings,13.357619618807115,10.578693485680981
P220,2020,Punjab Kings,9.44040521978022,10.60268897306398
P220,2021,Punjab Kings,11.149090582103085,10.39024729437229
P220,2022,Lucknow Super Giants,11.122865167240171,10.075135808635805
P220,2023,Lucknow Super Giants,11.124438339438342,11.339540375365369
P220,2024,Lucknow Super Giants,11.106465966903466,9.967669744607242
P220,2025,Lucknow Super Giants,11.524208754208754,10.063330772005772
P221,2020,Chennai Super Kings,15.781950370000365,16.43999049191548
P221,2021,Chennai Super Kings,16.648754072316578,16.52378736541236
P221,2022,Chennai Super Kings,16.6218700974951,15.577211227470793
P221,2023,Chennai Super Kings,16.610562634125134,16.586082789895297
P221,2024,Chennai Super Kings,16.64056937506938,15.685630090280096
P221,2025,Chennai Super Kings,16.552430155492665,15.829821914659412
P222,2024,Chennai Super Kings,2.532619467569468,1.7905851671476662
P222,2025,Mumbai Indians,2.6782981661856664,1.6616637746512737
P223,2023,Delhi Capitals,6.918342231842234,7.149395773208277
P223,2024,Punjab Kings,7.679376130351129,6.990039876789876
P224,2021,Punjab Kings,2.381118452380952,1.936769300144299
P224,2022,Mumbai Indians,2.6103059824434833,1.8894702320827321
P224,2023,Mumbai Indians,2.485352940115441,1.461298184223184
P225,2020,Kolkata Knight Riders,8.89711631192881,9.745831573519078
P225,2022,Kolkata Knight Riders,10.12186547017797,10.66202589091191
P225,2023,Kolkata Knight Riders,10.261970783845785,11.232864297739303
P225,2024,Kolkata Knight Riders,10.020163690476192,10.112880827968329
P225,2025,Kolkata Knight Riders,10.193088564213566,10.131724336311835
P226,2021,Delhi Capitals,5.127324528176499,5.921847462722462
P226,2022,Delhi Capitals,6.31901188071188,5.208252048877045
P226,2023,Delhi Capitals,6.2750840848965845,5.826600487475489
P227,2020,Delhi Capitals,10.3319333999334,10.904865282865284
P227,2021,Delhi Capitals,10.485782557720059,11.03931826738076
P227,2022,Delhi Capitals,10.50073030904281,10.266021554834055
P227,2024,Delhi Capitals,10.489031234968733,10.859722869722868
P227,2025,Lucknow Super Giants,9.2436396043771,10.965189832852326
P228,2020,Rajasthan Royals,10.924041438191436,11.048426286676282
P228,2021,Rajasthan Royals,12.349824252599248,11.442294011544014
P228,2022,Rajasthan Royals,12.300563400950896,11.586612794612801
P228,2023,Rajasthan Royals,12.143377120564615,9.939376977189479
P228,2024,Rajasthan Royals,12.567196404058905,12.061240169552669
P228,2025,Rajasthan Royals,12.725972101972104,12.318988025863028
P229,2023,Royal Challengers Bengaluru,2.737826647426646,6.030392237392233
P229,2024,Royal Challengers Bengaluru,4.007683882321382,6.040954130591633
P229,2025,Mumbai Indians,3.7394167887667877,5.711984173234172
P230,2020,Mumbai Indians,9.288552489177494,10.178222115847111
P230,2021,Mumbai Indians,10.817760040885046,11.990426362988863
P230,2022,Mumbai Indians,10.30488122294372,10.47674231601731
P230,2023,Mumbai Indians,10.375847552910052,10.668700500888002
P230,2024,Mumbai Indians,9.984114454989452,10.920677072927077
P230,2025,Mumbai Indians,10.03570653651903,11.208570276945284
P231,2020,Rajasthan Royals,6.969364593739595,7.169238883801386
P231,2021,Chennai Super Kings,7.603329365079365,6.289989959114962
P231,2022,Chennai Super Kings,7.74861111111111,7.461100764975766
P232,2020,Sunrisers Hyderabad,5.6344231661856625,5.182622083934582
P232,2021,Sunrisers Hyderabad,6.959492544492544,5.451953292078292
P232,2022,Delhi Capitals,6.970688191438191,6.370919180356679
P232,2023,Delhi Capitals,6.9980468674843666,4.319586940836942
P232,2024,Delhi Capitals,6.9800815897065895,4.75258662217412
P232,2025,Chennai Super Kings,6.956901936026935,6.176728385040884
P233,2020,Punjab Kings,5.405403258778256,5.797878367003363
P233,2021,Punjab Kings,6.423005483405484,6.169015685703187
P233,2022,Delhi Capitals,6.430834043271541,6.640974745162247
P233,2023,Delhi Capitals,6.255997504810003,5.359069775132274
P234,2020,Kolkata Knight Riders,2.1816941465941477,1.8543486254486246
P234,2021,Kolkata Knight Riders,2.487000384800386,2.1349334656084644
P234,2024,Gujarat Titans,2.3765392112517114,1.9282422341547336
P235,2020,Mumbai Indians,10.026177188552188,10.920386409886408
P235,2021,Mumbai Indians,11.526167063492064,9.790982575295075
P235,2022,Mumbai Indians,11.329259668109668,10.450660848410847
P235,2023,Mumbai Indians,12.301325000000002,9.901772516835008
P235,2024,Mumbai Indians,11.35563988095238,9.818481391293883
P235,2025,Mumbai Indians,11.42766654040404,9.940046115921108
P236,2020,Chennai Super Kings,14.695754882154882,15.64024011544012
P236,2021,Chennai Super Kings,15.907317959355463,15.173908736171237
P236,2023,Punjab Kings,15.902033369408374,15.27865338596589
P236,2024,Punjab Kings,15.901130411255417,14.580397240259748
P236,2025,Chennai Super Kings,15.10303057960558,11.22618525132276
P237,2024,Chennai Super Kings,4.372833140933142,5.517988095238099
P237,2025,Delhi Capitals,2.893473175898175,2.519453863266363
P238,2020,Sunrisers Hyderabad,9.330371933621935,10.63108176314426
P238,2021,Sunrisers Hyderabad,11.045180555555559,9.5334167975543
P238,2022,Punjab Kings,10.983577621452625,10.065994288119292
P238,2023,Rajasthan Royals,10.863751322751334,10.059025523088026
P238,2024,Rajasthan Royals,10.797896404521408,10.019594937469934
P238,2025,Rajasthan Royals,11.005813041125545,11.137996338383838
P239,2020,Rajasthan Royals,9.510935215247715,10.789842805342806
P239,2021,Rajasthan Royals,11.725006613756616,10.928364267676764
P239,2022,Rajasthan Royals,11.744710317460315,10.755535432160432
P239,2023,Rajasthan Royals,11.757937499999999,10.461061130998633
P239,2024,Rajasthan Royals,11.723295634920635,10.94026037157287
P239,2025,Rajasthan Royals,11.805470899470903,10.58282026769527
P240,2023,Sunrisers Hyderabad,3.918866397491396,5.95907548007548
P240,2024,Sunrisers Hyderabad,4.119369068431568,5.827729069541569
P241,2020,Mumbai Indians,6.244540705590706,6.55443987031487
P241,2021,Mumbai Indians,6.698285832685831,6.188906736781736
P242,2022,Sunrisers Hyderabad,3.77372335997336,4.067081689144187
P243,2024,Gujarat Titans,3.4897043026418055,5.480825697450696
P243,2025,Kolkata Knight Riders,4.095723124098124,5.539723605098606
P244,2020,Royal Challengers Bengaluru,11.474799512987007,10.139261988011988
P244,2021,Royal Challengers Bengaluru,13.991533814333806,13.056206812169314
P244,2022,Royal Challengers Bengaluru,14.218131914381914,12.709086467698967
P244,2023,Royal Challengers Bengaluru,12.265572895622894,11.727528460890959
P244,2024,Sunrisers Hyderabad,14.25253832972583,12.99888604358604
P244,2025,Lucknow Super Giants,12.197316017316016,10.328662245162244
P245,2020,Sunrisers Hyderabad,3.8070751554001547,5.929575727513227
P245,2021,Sunrisers Hyderabad,3.6480951479076484,5.4719135716135705
P246,2021,Kolkata Knight Riders,6.11515413290413,5.907868457930955
P247,2020,Chennai Super Kings,9.22410117845118,11.560444414381918
P247,2021,Chennai Super Kings,11.843970256132755,13.565388869001366
P247,2022,Delhi Capitals,15.580979990379985,16.03618319874571
P247,2023,Kolkata Knight Riders,15.807404335941838,17.336696602009095
P247,2024,Chennai Super Kings,12.434039880952383,10.417866865079361
P247,2025,Lucknow Super Giants,13.272321194083696,13.206738888888887
P248,2022,Sunrisers Hyderabad,8.831075637325636,10.456357353294852
P248,2024,Punjab Kings,9.682148599086103,11.627598544973544
P248,2025,Punjab Kings,9.843918903318906,11.641834526584525
P249,2020,Punjab Kings,1.0077973124098123,1.8869321368446368
P250,2022,Royal Challengers Bengaluru,5.686106486106485,5.849033940596443
P250,2025,Gujarat Titans,4.8632922619047605,4.75915217652718
P251,2020,Delhi Capitals,9.908706753894254,11.354618446368447
P251,2021,Delhi Capitals,10.643539682539684,10.96043224136974
P251,2022,Punjab Kings,10.574171296296297,11.21325505281755
P251,2023,Punjab Kings,10.491357804232804,9.973011994949498
P251,2024,Punjab Kings,10.545777843915346,10.207871764809264
P252,2020,Delhi Capitals,8.68743642006142,10.20289243626744
P252,2021,Delhi Capitals,10.232411044973546,9.3102705026455
P252,2022,Rajasthan Royals,10.286469215969218,9.921074104136606
P252,2023,Rajasthan Royals,10.265361081048582,9.901589977152474
P252,2024,Rajasthan Royals,10.135744107744111,10.211545244107745
P252,2025,Rajasthan Royals,10.269234908609908,9.77374959068709
P253,2020,Royal Challengers Bengaluru,11.070403813778816,12.354319849132347
P253,2021,Rajasthan Royals,12.762779515392017,10.341013377825876
P253,2022,Chennai Super Kings,12.64200153920154,10.08270786620787
P253,2023,Chennai Super Kings,12.808998400673403,10.559124279859573
P253,2024,Chennai Super Kings,12.598814303751807,11.172023528758826
P253,2025,Chennai Super Kings,12.542579912217414,10.619962912087908
P254,2020,Kolkata Knight Riders,8.433403829966336,10.5927748987124
P254,2021,Kolkata Knight Riders,9.63200667388167,11.185149642024648
P254,2022,Kolkata Knight Riders,8.439653108465608,9.924422245809742
P255,2020,Delhi Capitals,10.651308501683497,10.99523737373738
P255,2021,Delhi Capitals,11.389500132275133,10.267029250841757
P255,2022,Kolkata Knight Riders,11.526331349206348,11.343788031413036
P255,2024,Kolkata Knight Riders,11.506662698412697,10.889471884596887
P255,2025,Punjab Kings,9.513792314629818,12.755794468494468
P256,2024,Rajasthan Royals,5.6011211519961535,5.833096109908611
P256,2025,Rajasthan Royals,2.979078849853845,1.5208021917896912
P257,2020,Kolkata Knight Riders,10.447550535113033,10.84479196729197
P257,2021,Kolkata Knight Riders,11.7059580026455,11.066770502645511
P257,2022,Gujarat Titans,11.751526455026456,10.73080693843194
P257,2023,Gujarat Titans,11.741698412698412,11.361935811873314
P257,2024,Gujarat Titans,11.697762896825397,10.411005284067786
P257,2025,Gujarat Titans,11.741698412698412,11.393066163003663
P258,2020,Sunrisers Hyderabad,3.8076265933140934,5.480250179450178
P258,2021,Sunrisers Hyderabad,5.453739117364118,5.761321338383838
P258,2022,Royal Challengers Bengaluru,5.081175114237615,5.033325138287638
P259,2023,Punjab Kings,6.830583330095833,6.706681307118804
P259,2024,Punjab Kings,7.393135912698413,6.11797945202945
P260,2022,Chennai Super Kings,4.381732609982606,5.321587290024791
P260,2024,Chennai Super Kings,5.2262825877825865,4.729970171957669
P260,2025,Sunrisers Hyderabad,2.7401608844858822,1.4960984307359313
P261,2020,Rajasthan Royals,6.715902493339991,7.484939424001928
P261,2021,Delhi Capitals,6.964163750601252,6.481319444444445
P262,2021,Sunrisers Hyderabad,5.40303472222222,5.080971745846743
P262,2022,Sunrisers Hyderabad,5.8347601893476915,6.186063888426387
P263,2024,Delhi Capitals,3.7318437830687845,5.862638920338916
P264,2020,Kolkata Knight Riders,14.597851996152004,15.585498917748922
P264,2021,Kolkata Knight Riders,16.39008802725053,16.21838728539979
P264,2022,Kolkata Knight Riders,16.43904374514374,15.956606832056831
P264,2023,Kolkata Knight Riders,14.116936265586267,13.344242634680143
P264,2024,Kolkata Knight Riders,16.36174096736596,15.864796493783992
P264,2025,Kolkata Knight Riders,16.509233692233696,16.559399741462247
P265,2022,Royal Challengers Bengaluru,3.983861592111593,5.945876803751805
P265,2023,Royal Challengers Bengaluru,5.491215848965848,5.2032512926887895
P265,2024,Royal Challengers Bengaluru,5.75789503644504,5.666917899230404
P266,2023,Kolkata Knight Riders,3.369915942853444,6.41975579050579
P266,2024,Kolkata Knight Riders,4.028122594997595,6.143617879805382
P266,2025,Royal Challengers Bengaluru,2.7812607172919677,1.9899185786435782
P267,2023,Lucknow Super Giants,5.293897805435307,4.552117646705146
P267,2024,Royal Challengers Bengaluru,6.938599392736892,6.547064273689276
P268,2020,Sunrisers Hyderabad,5.981789573852073,6.516103024290521
P268,2021,Sunrisers Hyderabad,6.984127224627224,5.330455821955823
P268,2022,Sunrisers Hyderabad,6.981150372775374,4.748552098364596
P268,2023,Sunrisers Hyderabad,6.98574561087061,4.25731676887927
P268,2024,Sunrisers Hyderabad,6.980995610870611,4.758477032227031
P268,2025,Delhi Capitals,6.855710810485812,5.481307412494915
P269,2022,Mumbai Indians,10.015595469345467,10.88748115079365
P269,2023,Mumbai Indians,9.85669794788545,10.120843916731427
P269,2024,Mumbai Indians,10.051458738021234,10.636794582732085
P269,2025,Mumbai Indians,9.94852546296296,10.951539087301587
P270,2021,Royal Challengers Bengaluru,9.044689835627336,10.391388407888403
P270,2022,Mumbai Indians,9.045004777629774,10.190987824675322
P270,2023,Mumbai Indians,9.352182560495061,9.92291885891886
P270,2024,Mumbai Indians,8.870450036075036,9.553237656325155
P270,2025,Royal Challengers Bengaluru,5.34034128186628,13.518162620250122
P271,2021,Kolkata Knight Riders,5.247968915343914,5.695415626040626
P271,2022,Kolkata Knight Riders,5.939304396529399,6.662491961741963
P271,2023,Kolkata Knight Riders,5.382085034410033,5.204451211751211
P272,2021,Kolkata Knight Riders,3.515835583398081,6.095259192196693
P272,2022,Delhi Capitals,4.278052639490136,5.502307569745069
P273,2020,Rajasthan Royals,8.46652387751138,10.706531451418948
P273,2021,Delhi Capitals,8.565912999038,10.784453820716317
P274,2024,Sunrisers Hyderabad,6.643498767436267,7.000670706608201
P274,2025,Sunrisers Hyderabad,7.242887656325156,7.175062571687566
P275,2020,Mumbai Indians,9.489305051430058,10.279205264642755
P275,2021,Mumbai Indians,11.489453673641167,10.619575956450957
P275,2022,Rajasthan Royals,12.608545063732558,11.560266185666187
P275,2023,Rajasthan Royals,12.703954785954782,10.686949157324152
P275,2024,Rajasthan Royals,12.617999428811924,10.49406487262737
P275,2025,Mumbai Indians,10.832557906445398,9.702858863821362
P276,2022,Mumbai Indians,9.885228877603874,9.773439183501685
P276,2023,Mumbai Indians,11.544402801827802,9.757988720538721
P276,2024,Delhi Capitals,11.125258798608794,12.099720298220294
P276,2025,Delhi Capitals,10.987566928904423,10.875614468864471
P277,2020,Delhi Capitals,9.049068496318501,9.410093389018384
P277,2022,Chennai Super Kings,10.522921626984123,11.240486682299181
P277,2023,Chennai Super Kings,10.447251887001888,10.721281174843673
P277,2024,Chennai Super Kings,10.3398167018167,10.609470779220773
P277,2025,Rajasthan Royals,9.684093361268362,10.071505363155365
P278,2022,Mumbai Indians,1.1564407842157844,1.9806485486735494
P279,2020,Royal Challengers Bengaluru,8.635463080900578,10.239141233766235
P279,2022,Kolkata Knight Riders,10.063919109131605,12.74496138167388
P279,2023,Kolkata Knight Riders,10.295581198893698,11.394436144873655
P279,2024,Gujarat Titans,10.430660785973288,11.678761920949421
P280,2021,Sunrisers Hyderabad,7.915458976671475,9.580268155455661
P280,2022,Sunrisers Hyderabad,8.607818025493026,10.540100869038374
P280,2023,Sunrisers Hyderabad,8.715833425833422,10.278018921818923
P280,2024,Sunrisers Hyderabad,8.187186121748624,8.916348755411253
P281,2020,Kolkata Knight Riders,9.69493638768639,9.746640035890035
P281,2021,Kolkata Knight Riders,10.669820811133317,10.47856862350612
P281,2022,Kolkata Knight Riders,10.771023719336226,10.028241381766387
P281,2023,Kolkata Knight Riders,10.890627555315062,11.10657166907167
P281,2024,Kolkata Knight Riders,10.910574975949979,9.92451112313612
P281,2025,Kolkata Knight Riders,10.781436237373741,10.713380251692756
P282,2025,Delhi Capitals,8.978691708754209,12.762921777296775
P283,2024,Sunrisers Hyderabad,2.5403464706589705,1.8855695526695533
P284,2022,Punjab Kings,8.111486240611244,10.00881018518518
P284,2023,Kolkata Knight Riders,8.219457251082254,10.64345562539312
P284,2024,Kolkata Knight Riders,8.260692918192921,10.52686497761497
P284,2025,Kolkata Knight Riders,8.853824231324237,11.255524341399342
P285,2020,Rajasthan Royals,1.0094555675805676,1.6526404433529436
P285,2022,Gujarat Titans,1.589323942261443,2.0945574948199965
P286,2021,Kolkata Knight Riders,10.73026115319865,12.301254451566951
P286,2022,Kolkata Knight Riders,11.66635846560846,11.033437145262145
P286,2023,Kolkata Knight Riders,11.760974206349207,10.443674346486851
P286,2024,Kolkata Knight Riders,11.678524975949973,10.937002518777524
P286,2025,Kolkata Knight Riders,9.711837709050208,5.011950426887924
P287,2020,Sunrisers Hyderabad,10.627622805435305,12.25534029627779
P287,2021,Sunrisers Hyderabad,12.706129779942282,11.699724296999294
P287,2022,Gujarat Titans,12.09260082186332,10.936472582972586
P287,2023,Gujarat Titans,12.299140517815522,10.14488514217264
P287,2024,Gujarat Titans,11.961092223979719,10.174628931253933
P287,2025,Chennai Super Kings,4.869100337162838,2.7401947751322755
P288,2023,Royal Challengers Bengaluru,5.68689279285529,5.5072209688459655
P288,2024,Royal Challengers Bengaluru,6.070066841029343,5.339581356143855
P288,2025,Punjab Kings,2.3363986772486767,1.9222148471898461
P289,2020,Royal Challengers Bengaluru,10.180112121674613,11.069094745532244
P289,2021,Royal Challengers Bengaluru,11.461934523809521,11.267823523698537
P289,2022,Royal Challengers Bengaluru,11.434568518518518,10.732049105986608
P289,2023,Royal Challengers Bengaluru,11.445346164021164,11.130800886613395
P289,2024,Royal Challengers Bengaluru,11.048347619047615,11.029213624338627
P289,2025,Royal Challengers Bengaluru,11.478703306878307,11.160019889832386
P290,2023,Sunrisers Hyderabad,4.339106391293889,6.349102573352572
P291,2021,Royal Challengers Bengaluru,10.550623931623925,10.634466780904285
P291,2022,Royal Challengers Bengaluru,11.640793169793172,12.454706696081699
P291,2023,Royal Challengers Bengaluru,11.400716780904279,11.100565055315053
P291,2025,Rajasthan Royals,11.642119161856662,11.747842568542566
P292,2023,Royal Challengers Bengaluru,2.156992201779701,2.3882211700336695
P293,2024,Royal Challengers Bengaluru,9.083307299182302,11.423527840215337
P293,2025,Mumbai Indians,9.495178603803598,15.540021866559378
P294,2020,Sunrisers Hyderabad,8.784778318903312,10.206595309782806
P294,2021,Sunrisers Hyderabad,10.280263437950936,10.185992213804715
P294,2022,Gujarat Titans,10.396293442668439,10.320489898989893
P294,2023,Gujarat Titans,10.164961760461763,10.968978098290608
P294,2024,Gujarat Titans,10.324896705146704,10.48411267436267
P295,2025,Punjab Kings,3.780754329004326,4.246316536704036
P296,2022,Gujarat Titans,5.350105152717652,6.133442536630037
P296,2023,Gujarat Titans,5.591381625781626,5.750319503644503
P296,2024,Royal Challengers Bengaluru,5.761376587301584,6.255921536796539
P296,2025,Royal Challengers Bengaluru,6.217271945646944,6.283923537111039
P297,2023,Lucknow Super Giants,3.3867368002368017,6.4253658054908085
P297,2024,Lucknow Super Giants,4.063419221981723,5.719923328985831
P297,2025,Punjab Kings,2.7631986321548827,1.7857342412217414
P298,2020,Rajasthan Royals,9.294837301587307,10.674537881100381
P298,2021,Rajasthan Royals,10.224865410052915,9.986527898027902
P298,2022,Rajasthan Royals,10.417151372701378,12.219988980926475
P298,2023,Rajasthan Royals,9.836234638047141,11.018979388666889
P298,2024,Rajasthan Royals,10.037660383597885,11.221013183575675
P298,2025,Rajasthan Royals,9.89287286556037,11.381228024290527
P299,2023,Lucknow Super Giants,5.464973929773932,5.0866127479002445
P299,2024,Lucknow Super Giants,6.238258032708031,5.245378006253002
P299,2025,Rajasthan Royals,5.921120208032706,4.632433225108222
P300,2020,Royal Challengers Bengaluru,9.31719918553669,10.555529761904756
P300,2021,Royal Challengers Bengaluru,10.136001172438677,10.991472985810487
P300,2022,Rajasthan Royals,10.086606090668596,10.536248852998856
P300,2023,Rajasthan Royals,10.037835076960077,10.078810698560698
P300,2024,Rajasthan Royals,9.917264099326598,9.792839438339438
P300,2025,Punjab Kings,6.886262213712214,8.182011957949461
